S	㑩	儸
S	㓥	劏
S	㔉	劚
S	㖊	噚
S	㖞	喎
S	㟆	㠏
S	㧑	撝
S	㧟	擓
S	㨫	㩜
S	㱩	殰
S	㱮	殨
S	㲿	瀇
S	㶉	鸂
S	㶶	燶
S	㶽	煱
S	㺍	獱
S	䁖	瞜
S	䅉	稏
S	䇲	筴
S	䌶	䊷
S	䌷	紬
S	䌸	縳
S	䌹	絅
S	䌺	䋙
S	䌼	綐
S	䌽	綵
S	䌾	䋻
S	䍀	繿
S	䍁	繸
S	䓕	薳
S	䗖	螮
S	䙓	襬
S	䜣	訢
S	䜧	譅
S	䜩	讌
S	䝙	貙
S	䞍	䝼
S	䞐	賰
S	䩄	靦
S	䯄	騧
S	䯅	䯀
S	䲝	䱽
S	䴓	鳾
S	䴔	鵁
S	䴕	鴷
S	䴖	鶄
S	䴗	鶪
S	䴘	鷈
S	䴙	鷿
S	万	萬
S	与	與
S	丑	醜
S	专	專
S	业	業
S	丛	叢
S	东	東
S	丝	絲
S	丢	丟
S	两	兩
S	严	嚴
S	丧	喪
S	个	個
S	丰	豐
S	临	臨
S	为	為
S	丽	麗
S	举	舉
S	么	麼
S	义	義
S	乌	烏
S	乐	樂
S	乔	喬
S	习	習
S	乡	鄉
S	书	書
S	买	買
S	乱	亂
S	争	爭
S	于	於
S	亏	虧
S	云	雲
S	亘	亙
S	亚	亞
S	产	產
S	亩	畝
S	亲	親
S	亵	褻
S	亸	嚲
S	亿	億
S	仅	僅
S	仆	僕
S	从	從
S	仑	侖
S	仓	倉
S	仪	儀
S	们	們
S	价	價
S	众	眾
S	优	優
S	会	會
S	伛	傴
S	伞	傘
S	伟	偉
S	传	傳
S	伣	俔
S	伤	傷
S	伥	倀
S	伦	倫
S	伧	傖
S	伪	偽
S	伫	佇
S	体	體
S	佣	傭
S	佥	僉
S	侠	俠
S	侣	侶
S	侥	僥
S	侦	偵
S	侧	側
S	侨	僑
S	侩	儈
S	侪	儕
S	侬	儂
S	俣	俁
S	俦	儔
S	俨	儼
S	俩	倆
S	俪	儷
S	俫	倈
S	俭	儉
S	债	債
S	倾	傾
S	偬	傯
S	偻	僂
S	偾	僨
S	偿	償
S	傥	儻
S	傧	儐
S	储	儲
S	傩	儺
S	儿	兒
S	兑	兌
S	兖	兗
S	党	黨
S	兰	蘭
S	关	關
S	兴	興
S	兹	茲
S	养	養
S	兽	獸
S	冁	囅
S	内	內
S	冈	岡
S	册	冊
S	写	寫
S	军	軍
S	农	農
S	冯	馮
S	冲	衝
S	决	決
S	况	況
S	冻	凍
S	净	淨
S	凄	淒
S	凉	涼
S	减	減
S	凑	湊
S	凛	凜
S	几	幾
S	凤	鳳
S	凫	鳧
S	凭	憑
S	凯	凱
S	击	擊
S	凿	鑿
S	刍	芻
S	刘	劉
S	则	則
S	刚	剛
S	创	創
S	删	刪
S	别	別
S	刬	剗
S	刭	剄
S	刹	剎
S	刽	劊
S	刿	劌
S	剀	剴
S	剂	劑
S	剐	剮
S	剑	劍
S	剥	剝
S	剧	劇
S	劝	勸
S	办	辦
S	务	務
S	劢	勱
S	动	動
S	励	勵
S	劲	勁
S	劳	勞
S	势	勢
S	勋	勳
S	勚	勩
S	匀	勻
S	匦	匭
S	匮	匱
S	区	區
S	医	醫
S	华	華
S	协	協
S	单	單
S	卖	賣
S	占	佔
S	卢	盧
S	卤	鹵
S	卧	臥
S	卫	衛
S	却	卻
S	厂	廠
S	厅	廳
S	历	歷
S	厉	厲
S	压	壓
S	厌	厭
S	厍	厙
S	厐	龎
S	厕	廁
S	厘	釐
S	厢	廂
S	厣	厴
S	厦	廈
S	厨	廚
S	厩	廄
S	厮	廝
S	县	縣
S	叁	叄
S	参	參
S	双	雙
S	发	發
S	变	變
S	叙	敘
S	叠	疊
S	叶	葉
S	号	號
S	叹	嘆
S	叽	嘰
S	后	後
S	吓	嚇
S	吕	呂
S	吗	嗎
S	吣	唚
S	吨	噸
S	听	聽
S	启	啓
S	吴	吳
S	呐	吶
S	呒	嘸
S	呓	囈
S	呕	嘔
S	呖	嚦
S	呗	唄
S	员	員
S	呙	咼
S	呛	嗆
S	呜	嗚
S	咏	詠
S	咙	嚨
S	咛	嚀
S	咝	噝
S	咤	吒
S	响	響
S	哑	啞
S	哒	噠
S	哓	嘵
S	哔	嗶
S	哕	噦
S	哗	嘩
S	哙	噲
S	哜	嚌
S	哝	噥
S	哟	喲
S	唛	嘜
S	唝	嗊
S	唠	嘮
S	唡	啢
S	唢	嗩
S	唤	喚
S	啧	嘖
S	啬	嗇
S	啭	囀
S	啮	嚙
S	啰	囉
S	啴	嘽
S	啸	嘯
S	喂	餵
S	喷	噴
S	喽	嘍
S	喾	嚳
S	嗫	囁
S	嗳	噯
S	嘘	噓
S	嘤	嚶
S	嘱	囑
S	噜	嚕
S	嚣	囂
S	团	團
S	园	園
S	囱	囪
S	围	圍
S	囵	圇
S	国	國
S	图	圖
S	圆	圓
S	圣	聖
S	圹	壙
S	场	場
S	坂	阪
S	坏	壞
S	块	塊
S	坚	堅
S	坛	壇
S	坜	壢
S	坝	壩
S	坞	塢
S	坟	墳
S	坠	墜
S	垄	壟
S	垅	壠
S	垆	壚
S	垒	壘
S	垦	墾
S	垩	堊
S	垫	墊
S	垭	埡
S	垱	壋
S	垲	塏
S	垴	堖
S	埘	塒
S	埙	塤
S	埚	堝
S	埯	垵
S	堑	塹
S	堕	墮
S	墙	牆
S	壮	壯
S	声	聲
S	壳	殼
S	壶	壺
S	壸	壼
S	处	處
S	备	備
S	复	復
S	够	夠
S	头	頭
S	夸	誇
S	夹	夾
S	夺	奪
S	奁	奩
S	奂	奐
S	奋	奮
S	奖	獎
S	奥	奧
S	妆	妝
S	妇	婦
S	妈	媽
S	妩	嫵
S	妪	嫗
S	妫	媯
S	姗	姍
S	姹	奼
S	娄	婁
S	娅	婭
S	娆	嬈
S	娇	嬌
S	娈	孌
S	娱	娛
S	娲	媧
S	娴	嫻
S	婳	嫿
S	婴	嬰
S	婵	嬋
S	婶	嬸
S	媪	媼
S	嫒	嬡
S	嫔	嬪
S	嫱	嬙
S	嬷	嬤
S	孙	孫
S	学	學
S	孪	孿
S	宁	寧
S	宝	寶
S	实	實
S	宠	寵
S	审	審
S	宪	憲
S	宫	宮
S	宽	寬
S	宾	賓
S	寝	寢
S	对	對
S	寻	尋
S	导	導
S	寿	壽
S	将	將
S	尔	爾
S	尘	塵
S	尝	嘗
S	尧	堯
S	尴	尷
S	尸	屍
S	尽	盡
S	层	層
S	屃	屓
S	屉	屜
S	届	屆
S	属	屬
S	屡	屢
S	屦	屨
S	屿	嶼
S	岁	歲
S	岂	豈
S	岖	嶇
S	岗	崗
S	岘	峴
S	岙	嶴
S	岚	嵐
S	岛	島
S	岭	嶺
S	岽	崬
S	岿	巋
S	峄	嶧
S	峡	峽
S	峣	嶢
S	峤	嶠
S	峥	崢
S	峦	巒
S	崂	嶗
S	崃	崍
S	崄	嶮
S	崭	嶄
S	嵘	嶸
S	嵚	嶔
S	嵝	嶁
S	巅	巔
S	巩	鞏
S	巯	巰
S	币	幣
S	帅	帥
S	师	師
S	帏	幃
S	帐	帳
S	帘	簾
S	帜	幟
S	带	帶
S	帧	幀
S	帮	幫
S	帱	幬
S	帻	幘
S	帼	幗
S	幂	冪
S	干	乾
S	并	並
S	广	廣
S	庄	莊
S	庆	慶
S	庐	廬
S	庑	廡
S	库	庫
S	应	應
S	庙	廟
S	庞	龐
S	废	廢
S	廪	廩
S	开	開
S	异	異
S	弃	棄
S	弑	弒
S	张	張
S	弥	彌
S	弪	弳
S	弯	彎
S	弹	彈
S	强	強
S	归	歸
S	当	當
S	录	錄
S	彦	彥
S	彷	徬
S	彻	徹
S	征	徵
S	径	徑
S	徕	徠
S	忆	憶
S	忏	懺
S	忧	憂
S	忾	愾
S	怀	懷
S	态	態
S	怂	慫
S	怃	憮
S	怄	慪
S	怅	悵
S	怆	愴
S	怜	憐
S	总	總
S	怼	懟
S	怿	懌
S	恋	戀
S	恒	恆
S	恳	懇
S	恶	惡
S	恸	慟
S	恹	懨
S	恺	愷
S	恻	惻
S	恼	惱
S	恽	惲
S	悦	悅
S	悫	愨
S	悬	懸
S	悭	慳
S	悮	悞
S	悯	憫
S	惊	驚
S	惧	懼
S	惨	慘
S	惩	懲
S	惫	憊
S	惬	愜
S	惭	慚
S	惮	憚
S	惯	慣
S	愠	慍
S	愤	憤
S	愦	憒
S	愿	願
S	慑	懾
S	懑	懣
S	懒	懶
S	懔	懍
S	戆	戇
S	戋	戔
S	戏	戲
S	戗	戧
S	战	戰
S	戬	戩
S	戯	戱
S	户	戶
S	扑	撲
S	执	執
S	扩	擴
S	扪	捫
S	扫	掃
S	扬	揚
S	扰	擾
S	抚	撫
S	抛	拋
S	抟	摶
S	抠	摳
S	抡	掄
S	抢	搶
S	护	護
S	报	報
S	担	擔
S	拟	擬
S	拢	攏
S	拣	揀
S	拥	擁
S	拦	攔
S	拧	擰
S	拨	撥
S	择	擇
S	挂	掛
S	挚	摯
S	挛	攣
S	挜	掗
S	挝	撾
S	挞	撻
S	挟	挾
S	挠	撓
S	挡	擋
S	挢	撟
S	挣	掙
S	挤	擠
S	挥	揮
S	挦	撏
S	挽	輓
S	捝	挩
S	捞	撈
S	损	損
S	捡	撿
S	换	換
S	捣	搗
S	据	據
S	掳	擄
S	掴	摑
S	掷	擲
S	掸	撣
S	掺	摻
S	掼	摜
S	揽	攬
S	揾	搵
S	揿	撳
S	搀	攙
S	搁	擱
S	搂	摟
S	搅	攪
S	携	攜
S	摄	攝
S	摅	攄
S	摆	擺
S	摇	搖
S	摈	擯
S	摊	攤
S	撄	攖
S	撑	撐
S	撵	攆
S	撷	擷
S	撸	擼
S	撺	攛
S	擞	擻
S	攒	攢
S	敌	敵
S	敛	斂
S	数	數
S	斋	齋
S	斓	斕
S	斗	鬥
S	斩	斬
S	断	斷
S	无	無
S	旧	舊
S	时	時
S	旷	曠
S	旸	暘
S	昙	曇
S	昵	暱
S	昼	晝
S	昽	曨
S	显	顯
S	晋	晉
S	晒	曬
S	晓	曉
S	晔	曄
S	晕	暈
S	晖	暉
S	暂	暫
S	暧	曖
S	术	術
S	朴	樸
S	机	機
S	杀	殺
S	杂	雜
S	权	權
S	杆	桿
S	杠	槓
S	条	條
S	来	來
S	杨	楊
S	杩	榪
S	杰	傑
S	极	極
S	构	構
S	枞	樅
S	枢	樞
S	枣	棗
S	枥	櫪
S	枧	梘
S	枨	棖
S	枪	槍
S	枫	楓
S	枭	梟
S	柜	櫃
S	柠	檸
S	柽	檉
S	栀	梔
S	栅	柵
S	标	標
S	栈	棧
S	栉	櫛
S	栊	櫳
S	栋	棟
S	栌	櫨
S	栎	櫟
S	栏	欄
S	树	樹
S	栖	棲
S	样	樣
S	栾	欒
S	桠	椏
S	桡	橈
S	桢	楨
S	档	檔
S	桤	榿
S	桥	橋
S	桦	樺
S	桧	檜
S	桨	槳
S	桩	樁
S	梦	夢
S	梼	檮
S	梾	棶
S	梿	槤
S	检	檢
S	棁	梲
S	棂	櫺
S	棱	稜
S	椁	槨
S	椟	櫝
S	椠	槧
S	椤	欏
S	椭	橢
S	楼	樓
S	榄	欖
S	榅	榲
S	榇	櫬
S	榈	櫚
S	榉	櫸
S	槚	檟
S	槛	檻
S	槟	檳
S	槠	櫧
S	横	橫
S	樯	檣
S	樱	櫻
S	橥	櫫
S	橱	櫥
S	橹	櫓
S	橼	櫞
S	檩	檁
S	欢	歡
S	欤	歟
S	欧	歐
S	歼	殲
S	殁	歿
S	殇	殤
S	残	殘
S	殒	殞
S	殓	殮
S	殚	殫
S	殡	殯
S	殴	毆
S	毁	毀
S	毂	轂
S	毕	畢
S	毙	斃
S	毡	氈
S	毵	毿
S	氇	氌
S	气	氣
S	氢	氫
S	氩	氬
S	氲	氳
S	汇	匯
S	汉	漢
S	汤	湯
S	汹	洶
S	沉	沈
S	沟	溝
S	没	沒
S	沣	灃
S	沤	漚
S	沥	瀝
S	沦	淪
S	沧	滄
S	沩	溈
S	沪	滬
S	泄	洩
S	泞	濘
S	泪	淚
S	泶	澩
S	泷	瀧
S	泸	瀘
S	泺	濼
S	泻	瀉
S	泼	潑
S	泽	澤
S	泾	涇
S	洁	潔
S	洒	灑
S	洼	窪
S	浃	浹
S	浅	淺
S	浆	漿
S	浇	澆
S	浈	湞
S	浊	濁
S	测	測
S	浍	澮
S	济	濟
S	浏	瀏
S	浐	滻
S	浑	渾
S	浒	滸
S	浓	濃
S	浔	潯
S	涂	塗
S	涌	湧
S	涛	濤
S	涝	澇
S	涞	淶
S	涟	漣
S	涠	潿
S	涡	渦
S	涣	渙
S	涤	滌
S	润	潤
S	涧	澗
S	涨	漲
S	涩	澀
S	淀	澱
S	渊	淵
S	渌	淥
S	渍	漬
S	渎	瀆
S	渐	漸
S	渑	澠
S	渔	漁
S	渖	瀋
S	渗	滲
S	温	溫
S	湾	灣
S	湿	濕
S	溃	潰
S	溅	濺
S	溆	漵
S	滗	潷
S	滚	滾
S	滞	滯
S	滟	灧
S	滠	灄
S	满	滿
S	滢	瀅
S	滤	濾
S	滥	濫
S	滦	灤
S	滨	濱
S	滩	灘
S	滪	澦
S	漓	灕
S	漤	灠
S	潆	瀠
S	潇	瀟
S	潋	瀲
S	潍	濰
S	潜	潛
S	潴	瀦
S	澜	瀾
S	濑	瀨
S	濒	瀕
S	灏	灝
S	灭	滅
S	灯	燈
S	灵	靈
S	灾	災
S	灿	燦
S	炀	煬
S	炉	爐
S	炖	燉
S	炜	煒
S	炝	熗
S	点	點
S	炼	煉
S	炽	熾
S	烁	爍
S	烂	爛
S	烃	烴
S	烛	燭
S	烟	煙
S	烦	煩
S	烧	燒
S	烨	燁
S	烩	燴
S	烫	燙
S	烬	燼
S	热	熱
S	焕	煥
S	焖	燜
S	焘	燾
S	煴	熅
S	爱	愛
S	爷	爺
S	牍	牘
S	牦	氂
S	牵	牽
S	牺	犧
S	犊	犢
S	状	狀
S	犷	獷
S	犸	獁
S	犹	猶
S	狈	狽
S	狝	獮
S	狞	獰
S	独	獨
S	狭	狹
S	狮	獅
S	狯	獪
S	狰	猙
S	狱	獄
S	狲	猻
S	猃	獫
S	猎	獵
S	猕	獼
S	猡	玀
S	猪	豬
S	猫	貓
S	猬	蝟
S	献	獻
S	獭	獺
S	玑	璣
S	玚	瑒
S	玛	瑪
S	玮	瑋
S	环	環
S	现	現
S	玱	瑲
S	玺	璽
S	珐	琺
S	珑	瓏
S	珰	璫
S	珲	琿
S	琏	璉
S	琐	瑣
S	琼	瓊
S	瑶	瑤
S	瑷	璦
S	璎	瓔
S	瓒	瓚
S	瓮	甕
S	瓯	甌
S	电	電
S	画	畫
S	畅	暢
S	畴	疇
S	疖	癤
S	疗	療
S	疟	瘧
S	疠	癘
S	疡	瘍
S	疬	癧
S	疭	瘲
S	疮	瘡
S	疯	瘋
S	疱	皰
S	疴	痾
S	痈	癰
S	痉	痙
S	痒	癢
S	痖	瘂
S	痨	癆
S	痪	瘓
S	痫	癇
S	瘅	癉
S	瘆	瘮
S	瘗	瘞
S	瘘	瘻
S	瘪	癟
S	瘫	癱
S	瘾	癮
S	瘿	癭
S	癞	癩
S	癣	癬
S	癫	癲
S	皑	皚
S	皱	皺
S	皲	皸
S	盏	盞
S	盐	鹽
S	监	監
S	盖	蓋
S	盗	盜
S	盘	盤
S	眍	瞘
S	眦	眥
S	眬	矓
S	着	著
S	睁	睜
S	睐	睞
S	睑	瞼
S	睾	睪
S	瞆	瞶
S	瞒	瞞
S	瞩	矚
S	矫	矯
S	矶	磯
S	矾	礬
S	矿	礦
S	砀	碭
S	码	碼
S	砖	磚
S	砗	硨
S	砚	硯
S	砜	碸
S	砺	礪
S	砻	礱
S	砾	礫
S	础	礎
S	硁	硜
S	硕	碩
S	硖	硤
S	硗	磽
S	硙	磑
S	确	確
S	硷	礆
S	碍	礙
S	碛	磧
S	碜	磣
S	碱	鹼
S	礴	礡
S	礼	禮
S	祃	禡
S	祎	禕
S	祢	禰
S	祯	禎
S	祷	禱
S	祸	禍
S	禀	稟
S	禄	祿
S	禅	禪
S	离	離
S	秃	禿
S	秆	稈
S	种	種
S	积	積
S	称	稱
S	秽	穢
S	秾	穠
S	稆	穭
S	税	稅
S	稣	穌
S	稳	穩
S	穑	穡
S	穷	窮
S	窃	竊
S	窍	竅
S	窎	窵
S	窑	窯
S	窜	竄
S	窝	窩
S	窥	窺
S	窦	竇
S	窭	窶
S	竖	竪
S	竞	競
S	笃	篤
S	笋	筍
S	笔	筆
S	笕	筧
S	笺	箋
S	笼	籠
S	笾	籩
S	筑	築
S	筚	篳
S	筛	篩
S	筜	簹
S	筝	箏
S	筹	籌
S	筼	篔
S	签	簽
S	简	簡
S	箓	籙
S	箦	簀
S	箧	篋
S	箨	籜
S	箩	籮
S	箪	簞
S	箫	簫
S	篑	簣
S	篓	簍
S	篮	籃
S	篱	籬
S	簖	籪
S	籁	籟
S	籴	糴
S	类	類
S	籼	秈
S	粜	糶
S	粝	糲
S	粤	粵
S	粪	糞
S	粮	糧
S	糁	糝
S	糇	餱
S	紧	緊
S	絷	縶
S	纟	糹
S	纠	糾
S	纡	紆
S	红	紅
S	纣	紂
S	纤	纖
S	纥	紇
S	约	約
S	级	級
S	纨	紈
S	纩	纊
S	纪	紀
S	纫	紉
S	纬	緯
S	纭	紜
S	纮	紘
S	纯	純
S	纰	紕
S	纱	紗
S	纲	綱
S	纳	納
S	纴	紝
S	纵	縱
S	纶	綸
S	纷	紛
S	纸	紙
S	纹	紋
S	纺	紡
S	纻	紵
S	纼	紖
S	纽	紐
S	纾	紓
S	线	線
S	绀	紺
S	绁	紲
S	绂	紱
S	练	練
S	组	組
S	绅	紳
S	细	細
S	织	織
S	终	終
S	绉	縐
S	绊	絆
S	绋	紼
S	绌	絀
S	绍	紹
S	绎	繹
S	经	經
S	绐	紿
S	绑	綁
S	绒	絨
S	结	結
S	绔	絝
S	绕	繞
S	绖	絰
S	绗	絎
S	绘	繪
S	给	給
S	绚	絢
S	绛	絳
S	络	絡
S	绝	絕
S	绞	絞
S	统	統
S	绠	綆
S	绡	綃
S	绢	絹
S	绣	繡
S	绤	綌
S	绥	綏
S	绦	縧
S	继	繼
S	绨	綈
S	绩	績
S	绪	緒
S	绫	綾
S	绬	緓
S	续	續
S	绮	綺
S	绯	緋
S	绰	綽
S	绱	緔
S	绲	緄
S	绳	繩
S	维	維
S	绵	綿
S	绶	綬
S	绷	繃
S	绸	綢
S	绹	綯
S	绺	綹
S	绻	綣
S	综	綜
S	绽	綻
S	绾	綰
S	绿	綠
S	缀	綴
S	缁	緇
S	缂	緙
S	缃	緗
S	缄	緘
S	缅	緬
S	缆	纜
S	缇	緹
S	缈	緲
S	缉	緝
S	缊	縕
S	缋	繢
S	缌	緦
S	缍	綞
S	缎	緞
S	缏	緶
S	缑	緱
S	缒	縋
S	缓	緩
S	缔	締
S	缕	縷
S	编	編
S	缗	緡
S	缘	緣
S	缙	縉
S	缚	縛
S	缛	縟
S	缜	縝
S	缝	縫
S	缞	縗
S	缟	縞
S	缠	纏
S	缡	縭
S	缢	縊
S	缣	縑
S	缤	繽
S	缥	縹
S	缦	縵
S	缧	縲
S	缨	纓
S	缩	縮
S	缪	繆
S	缫	繅
S	缬	纈
S	缭	繚
S	缮	繕
S	缯	繒
S	缰	繮
S	缱	繾
S	缲	繰
S	缳	繯
S	缴	繳
S	缵	纘
S	罂	罌
S	网	網
S	罗	羅
S	罚	罰
S	罢	罷
S	罴	羆
S	羁	羈
S	羟	羥
S	羡	羨
S	翘	翹
S	耢	耮
S	耧	耬
S	耸	聳
S	耻	恥
S	聂	聶
S	聋	聾
S	职	職
S	聍	聹
S	联	聯
S	聩	聵
S	聪	聰
S	肃	肅
S	肠	腸
S	肤	膚
S	肮	骯
S	肾	腎
S	肿	腫
S	胀	脹
S	胁	脅
S	胆	膽
S	胜	勝
S	胧	朧
S	胨	腖
S	胪	臚
S	胫	脛
S	胶	膠
S	脉	脈
S	脍	膾
S	脏	髒
S	脐	臍
S	脑	腦
S	脓	膿
S	脔	臠
S	脚	腳
S	脱	脫
S	脶	腡
S	脸	臉
S	腊	臘
S	腌	醃
S	腭	齶
S	腻	膩
S	腽	膃
S	腾	騰
S	膑	臏
S	膻	羶
S	臜	臢
S	舆	輿
S	舍	捨
S	舣	艤
S	舰	艦
S	舱	艙
S	舻	艫
S	艰	艱
S	艳	艷
S	艺	藝
S	节	節
S	芈	羋
S	芗	薌
S	芜	蕪
S	芦	蘆
S	苁	蓯
S	苇	葦
S	苈	藶
S	苋	莧
S	苌	萇
S	苍	蒼
S	苎	苧
S	苏	蘇
S	苧	薴
S	苹	蘋
S	范	範
S	茎	莖
S	茏	蘢
S	茑	蔦
S	茔	塋
S	茕	煢
S	茧	繭
S	荆	荊
S	荐	薦
S	荙	薘
S	荚	莢
S	荛	蕘
S	荜	蓽
S	荞	蕎
S	荟	薈
S	荠	薺
S	荡	蕩
S	荣	榮
S	荤	葷
S	荥	滎
S	荦	犖
S	荧	熒
S	荨	蕁
S	荩	藎
S	荪	蓀
S	荫	蔭
S	荬	蕒
S	荭	葒
S	荮	葤
S	药	藥
S	莅	蒞
S	莱	萊
S	莲	蓮
S	莳	蒔
S	莴	萵
S	莶	薟
S	获	獲
S	莸	蕕
S	莹	瑩
S	莺	鶯
S	莼	蒓
S	萝	蘿
S	萤	螢
S	营	營
S	萦	縈
S	萧	蕭
S	萨	薩
S	葱	蔥
S	蒇	蕆
S	蒉	蕢
S	蒋	蔣
S	蒌	蔞
S	蓝	藍
S	蓟	薊
S	蓠	蘺
S	蓣	蕷
S	蓥	鎣
S	蓦	驀
S	蔂	虆
S	蔷	薔
S	蔹	蘞
S	蔺	藺
S	蔼	藹
S	蕰	薀
S	蕲	蘄
S	蕴	蘊
S	薮	藪
S	藓	蘚
S	蘖	櫱
S	虏	虜
S	虑	慮
S	虚	虛
S	虫	蟲
S	虬	虯
S	虮	蟣
S	虱	蝨
S	虽	雖
S	虾	蝦
S	虿	蠆
S	蚀	蝕
S	蚁	蟻
S	蚂	螞
S	蚕	蠶
S	蚝	蠔
S	蚬	蜆
S	蛊	蠱
S	蛎	蠣
S	蛏	蟶
S	蛮	蠻
S	蛰	蟄
S	蛱	蛺
S	蛲	蟯
S	蛳	螄
S	蛴	蠐
S	蜕	蛻
S	蜗	蝸
S	蜡	蠟
S	蝇	蠅
S	蝈	蟈
S	蝉	蟬
S	蝎	蠍
S	蝼	螻
S	蝾	蠑
S	螀	螿
S	螨	蟎
S	蟏	蠨
S	衅	釁
S	衔	銜
S	补	補
S	衬	襯
S	衮	袞
S	袄	襖
S	袅	裊
S	袆	褘
S	袜	襪
S	袭	襲
S	袯	襏
S	装	裝
S	裆	襠
S	裈	褌
S	裢	褳
S	裣	襝
S	裤	褲
S	裥	襇
S	褛	褸
S	褴	襤
S	见	見
S	观	觀
S	觃	覎
S	规	規
S	觅	覓
S	视	視
S	觇	覘
S	览	覽
S	觉	覺
S	觊	覬
S	觋	覡
S	觌	覿
S	觍	覥
S	觎	覦
S	觏	覯
S	觐	覲
S	觑	覷
S	觞	觴
S	触	觸
S	觯	觶
S	訚	誾
S	誉	譽
S	誊	謄
S	讠	訁
S	计	計
S	订	訂
S	讣	訃
S	认	認
S	讥	譏
S	讦	訐
S	讧	訌
S	讨	討
S	让	讓
S	讪	訕
S	讫	訖
S	讬	託
S	训	訓
S	议	議
S	讯	訊
S	记	記
S	讱	訒
S	讲	講
S	讳	諱
S	讴	謳
S	讵	詎
S	讶	訝
S	讷	訥
S	许	許
S	讹	訛
S	论	論
S	讻	訩
S	讼	訟
S	讽	諷
S	设	設
S	访	訪
S	诀	訣
S	证	證
S	诂	詁
S	诃	訶
S	评	評
S	诅	詛
S	识	識
S	诇	詗
S	诈	詐
S	诉	訴
S	诊	診
S	诋	詆
S	诌	謅
S	词	詞
S	诎	詘
S	诏	詔
S	诐	詖
S	译	譯
S	诒	詒
S	诓	誆
S	诔	誄
S	试	試
S	诖	詿
S	诗	詩
S	诘	詰
S	诙	詼
S	诚	誠
S	诛	誅
S	诜	詵
S	话	話
S	诞	誕
S	诟	詬
S	诠	詮
S	诡	詭
S	询	詢
S	诣	詣
S	诤	諍
S	该	該
S	详	詳
S	诧	詫
S	诨	諢
S	诩	詡
S	诪	譸
S	诫	誡
S	诬	誣
S	语	語
S	诮	誚
S	误	誤
S	诰	誥
S	诱	誘
S	诲	誨
S	诳	誑
S	说	說
S	诵	誦
S	诶	誒
S	请	請
S	诸	諸
S	诹	諏
S	诺	諾
S	读	讀
S	诼	諑
S	诽	誹
S	课	課
S	诿	諉
S	谀	諛
S	谁	誰
S	谂	諗
S	调	調
S	谄	諂
S	谅	諒
S	谆	諄
S	谇	誶
S	谈	談
S	谊	誼
S	谋	謀
S	谌	諶
S	谍	諜
S	谎	謊
S	谏	諫
S	谐	諧
S	谑	謔
S	谒	謁
S	谓	謂
S	谔	諤
S	谕	諭
S	谖	諼
S	谗	讒
S	谘	諮
S	谙	諳
S	谚	諺
S	谛	諦
S	谜	謎
S	谝	諞
S	谞	諝
S	谟	謨
S	谠	讜
S	谡	謖
S	谢	謝
S	谣	謠
S	谤	謗
S	谥	謚
S	谦	謙
S	谧	謐
S	谨	謹
S	谩	謾
S	谪	謫
S	谫	謭
S	谬	謬
S	谭	譚
S	谮	譖
S	谯	譙
S	谰	讕
S	谱	譜
S	谲	譎
S	谳	讞
S	谴	譴
S	谵	譫
S	谶	讖
S	豮	豶
S	贝	貝
S	贞	貞
S	负	負
S	贠	貟
S	贡	貢
S	财	財
S	责	責
S	贤	賢
S	败	敗
S	账	賬
S	货	貨
S	质	質
S	贩	販
S	贪	貪
S	贫	貧
S	贬	貶
S	购	購
S	贮	貯
S	贯	貫
S	贰	貳
S	贱	賤
S	贲	賁
S	贳	貰
S	贴	貼
S	贵	貴
S	贶	貺
S	贷	貸
S	贸	貿
S	费	費
S	贺	賀
S	贻	貽
S	贼	賊
S	贽	贄
S	贾	賈
S	贿	賄
S	赀	貲
S	赁	賃
S	赂	賂
S	赃	贓
S	资	資
S	赅	賅
S	赆	贐
S	赇	賕
S	赈	賑
S	赉	賚
S	赊	賒
S	赋	賦
S	赌	賭
S	赍	賫
S	赎	贖
S	赏	賞
S	赐	賜
S	赑	贔
S	赒	賙
S	赓	賡
S	赔	賠
S	赕	賧
S	赖	賴
S	赗	賵
S	赘	贅
S	赙	賻
S	赚	賺
S	赛	賽
S	赜	賾
S	赝	贋
S	赞	贊
S	赟	贇
S	赠	贈
S	赡	贍
S	赢	贏
S	赣	贛
S	赪	赬
S	赵	趙
S	赶	趕
S	趋	趨
S	趱	趲
S	趸	躉
S	跃	躍
S	跄	蹌
S	跞	躒
S	践	踐
S	跶	躂
S	跷	蹺
S	跸	蹕
S	跹	躚
S	跻	躋
S	踊	踴
S	踌	躊
S	踪	蹤
S	踬	躓
S	踯	躑
S	蹑	躡
S	蹒	蹣
S	蹰	躕
S	蹿	躥
S	躏	躪
S	躜	躦
S	躯	軀
S	车	車
S	轧	軋
S	轨	軌
S	轩	軒
S	轪	軑
S	轫	軔
S	转	轉
S	轭	軛
S	轮	輪
S	软	軟
S	轰	轟
S	轱	軲
S	轲	軻
S	轳	轤
S	轴	軸
S	轵	軹
S	轶	軼
S	轷	軤
S	轸	軫
S	轹	轢
S	轺	軺
S	轻	輕
S	轼	軾
S	载	載
S	轾	輊
S	轿	轎
S	辀	輈
S	辁	輇
S	辂	輅
S	较	較
S	辄	輒
S	辅	輔
S	辆	輛
S	辇	輦
S	辈	輩
S	辉	輝
S	辊	輥
S	辋	輞
S	辌	輬
S	辍	輟
S	辎	輜
S	辏	輳
S	辐	輻
S	辑	輯
S	辒	轀
S	输	輸
S	辔	轡
S	辕	轅
S	辖	轄
S	辗	輾
S	辘	轆
S	辙	轍
S	辚	轔
S	辞	辭
S	辩	辯
S	辫	辮
S	边	邊
S	辽	遼
S	达	達
S	迁	遷
S	过	過
S	迈	邁
S	运	運
S	还	還
S	这	這
S	进	進
S	远	遠
S	违	違
S	连	連
S	迟	遲
S	迩	邇
S	迳	逕
S	迹	跡
S	适	適
S	选	選
S	逊	遜
S	递	遞
S	逦	邐
S	逻	邏
S	遗	遺
S	遥	遙
S	邓	鄧
S	邝	鄺
S	邬	鄔
S	邮	郵
S	邹	鄒
S	邺	鄴
S	邻	鄰
S	郏	郟
S	郐	鄶
S	郑	鄭
S	郓	鄆
S	郦	酈
S	郧	鄖
S	郸	鄲
S	酂	酇
S	酝	醖
S	酦	醱
S	酱	醬
S	酽	釅
S	酾	釃
S	酿	釀
S	采	採
S	释	釋
S	鉴	鑒
S	銮	鑾
S	錾	鏨
S	钅	釒
S	钆	釓
S	钇	釔
S	针	針
S	钉	釘
S	钊	釗
S	钋	釙
S	钌	釕
S	钍	釷
S	钎	釺
S	钏	釧
S	钐	釤
S	钑	鈒
S	钒	釩
S	钓	釣
S	钔	鍆
S	钕	釹
S	钖	鍚
S	钗	釵
S	钘	鈃
S	钙	鈣
S	钚	鈈
S	钛	鈦
S	钜	鉅
S	钝	鈍
S	钞	鈔
S	钟	鐘
S	钠	鈉
S	钡	鋇
S	钢	鋼
S	钣	鈑
S	钤	鈐
S	钥	鑰
S	钦	欽
S	钧	鈞
S	钨	鎢
S	钩	鈎
S	钪	鈧
S	钫	鈁
S	钬	鈥
S	钭	鈄
S	钮	鈕
S	钯	鈀
S	钰	鈺
S	钱	錢
S	钲	鉦
S	钳	鉗
S	钴	鈷
S	钵	鉢
S	钶	鈳
S	钷	鉕
S	钸	鈽
S	钹	鈸
S	钺	鉞
S	钻	鑽
S	钼	鉬
S	钽	鉭
S	钾	鉀
S	钿	鈿
S	铀	鈾
S	铁	鐵
S	铂	鉑
S	铃	鈴
S	铄	鑠
S	铅	鉛
S	铆	鉚
S	铇	鉋
S	铈	鈰
S	铉	鉉
S	铊	鉈
S	铋	鉍
S	铌	鈮
S	铍	鈹
S	铎	鐸
S	铏	鉶
S	铐	銬
S	铑	銠
S	铒	鉺
S	铓	鋩
S	铔	錏
S	铕	銪
S	铖	鋮
S	铗	鋏
S	铘	鋣
S	铙	鐃
S	铚	銍
S	铛	鐺
S	铜	銅
S	铝	鋁
S	铞	銱
S	铟	銦
S	铠	鎧
S	铡	鍘
S	铢	銖
S	铣	銑
S	铤	鋌
S	铥	銩
S	铦	銛
S	铧	鏵
S	铨	銓
S	铩	鎩
S	铪	鉿
S	铫	銚
S	铬	鉻
S	铭	銘
S	铮	錚
S	铯	銫
S	铰	鉸
S	铱	銥
S	铲	鏟
S	铳	銃
S	铴	鐋
S	铵	銨
S	银	銀
S	铷	銣
S	铸	鑄
S	铹	鐒
S	铺	鋪
S	铻	鋙
S	铼	錸
S	铽	鋱
S	链	鏈
S	铿	鏗
S	销	銷
S	锁	鎖
S	锂	鋰
S	锃	鋥
S	锄	鋤
S	锅	鍋
S	锆	鋯
S	锇	鋨
S	锈	鏽
S	锉	銼
S	锊	鋝
S	锋	鋒
S	锌	鋅
S	锍	鋶
S	锎	鐦
S	锏	鐧
S	锐	銳
S	锑	銻
S	锒	鋃
S	锓	鋟
S	锔	鋦
S	锕	錒
S	锖	錆
S	锗	鍺
S	锘	鍩
S	错	錯
S	锚	錨
S	锛	錛
S	锜	錡
S	锝	鍀
S	锞	錁
S	锟	錕
S	锠	錩
S	锡	錫
S	锢	錮
S	锣	鑼
S	锤	錘
S	锥	錐
S	锦	錦
S	锧	鑕
S	锨	鍁
S	锩	錈
S	锪	鍃
S	锫	錇
S	锬	錟
S	锭	錠
S	键	鍵
S	锯	鋸
S	锰	錳
S	锱	錙
S	锲	鍥
S	锳	鍈
S	锴	鍇
S	锵	鏘
S	锶	鍶
S	锷	鍔
S	锸	鍤
S	锹	鍬
S	锺	鍾
S	锻	鍛
S	锼	鎪
S	锽	鍠
S	锾	鍰
S	锿	鎄
S	镀	鍍
S	镁	鎂
S	镂	鏤
S	镃	鎡
S	镄	鐨
S	镅	鎇
S	镆	鏌
S	镇	鎮
S	镈	鎛
S	镉	鎘
S	镊	鑷
S	镋	鎲
S	镌	鐫
S	镍	鎳
S	镎	鎿
S	镏	鎦
S	镐	鎬
S	镑	鎊
S	镒	鎰
S	镓	鎵
S	镔	鑌
S	镕	鎔
S	镖	鏢
S	镗	鏜
S	镘	鏝
S	镙	鏍
S	镚	鏰
S	镛	鏞
S	镜	鏡
S	镝	鏑
S	镞	鏃
S	镟	鏇
S	镠	鏐
S	镡	鐔
S	镢	鐝
S	镣	鐐
S	镤	鏷
S	镥	鑥
S	镦	鐓
S	镧	鑭
S	镨	鐠
S	镩	鑹
S	镪	鏹
S	镫	鐙
S	镬	鑊
S	镭	鐳
S	镮	鐶
S	镯	鐲
S	镰	鐮
S	镱	鐿
S	镲	鑔
S	镳	鑣
S	镴	鑞
S	镵	鑱
S	镶	鑲
S	长	長
S	门	門
S	闩	閂
S	闪	閃
S	闫	閆
S	闬	閈
S	闭	閉
S	问	問
S	闯	闖
S	闰	閏
S	闱	闈
S	闲	閒
S	闳	閎
S	间	間
S	闵	閔
S	闶	閌
S	闷	悶
S	闸	閘
S	闹	鬧
S	闺	閨
S	闻	聞
S	闼	闥
S	闽	閩
S	闾	閭
S	闿	闓
S	阀	閥
S	阁	閣
S	阂	閡
S	阃	閫
S	阄	鬮
S	阅	閱
S	阆	閬
S	阇	闍
S	阈	閾
S	阉	閹
S	阊	閶
S	阋	鬩
S	阌	閿
S	阍	閽
S	阎	閻
S	阏	閼
S	阐	闡
S	阑	闌
S	阒	闃
S	阓	闠
S	阔	闊
S	阕	闋
S	阖	闔
S	阗	闐
S	阘	闒
S	阙	闕
S	阚	闞
S	阛	闤
S	队	隊
S	阳	陽
S	阴	陰
S	阵	陣
S	阶	階
S	际	際
S	陆	陸
S	陇	隴
S	陈	陳
S	陉	陘
S	陕	陝
S	陧	隉
S	陨	隕
S	险	險
S	随	隨
S	隐	隱
S	隶	隸
S	隽	雋
S	难	難
S	雏	雛
S	雠	讎
S	雳	靂
S	雾	霧
S	霁	霽
S	霡	霢
S	霭	靄
S	靓	靚
S	静	靜
S	靥	靨
S	鞑	韃
S	鞒	鞽
S	鞯	韉
S	韦	韋
S	韧	韌
S	韨	韍
S	韩	韓
S	韪	韙
S	韫	韞
S	韬	韜
S	韵	韻
S	页	頁
S	顶	頂
S	顷	頃
S	顸	頇
S	项	項
S	顺	順
S	须	須
S	顼	頊
S	顽	頑
S	顾	顧
S	顿	頓
S	颀	頎
S	颁	頒
S	颂	頌
S	颃	頏
S	预	預
S	颅	顱
S	领	領
S	颇	頗
S	颈	頸
S	颉	頡
S	颊	頰
S	颋	頲
S	颌	頜
S	颍	潁
S	颎	熲
S	颏	頦
S	颐	頤
S	频	頻
S	颒	頮
S	颓	頹
S	颔	頷
S	颕	頴
S	颖	穎
S	颗	顆
S	题	題
S	颙	顒
S	颚	顎
S	颛	顓
S	颜	顏
S	额	額
S	颞	顳
S	颟	顢
S	颠	顛
S	颡	顙
S	颢	顥
S	颤	顫
S	颥	顬
S	颦	顰
S	颧	顴
S	风	風
S	飏	颺
S	飐	颭
S	飑	颮
S	飒	颯
S	飓	颶
S	飔	颸
S	飕	颼
S	飖	颻
S	飗	飀
S	飘	飄
S	飙	飆
S	飚	飈
S	飞	飛
S	飨	饗
S	餍	饜
S	饣	飠
S	饤	飣
S	饥	飢
S	饦	飥
S	饧	餳
S	饨	飩
S	饩	餼
S	饪	飪
S	饫	飫
S	饬	飭
S	饭	飯
S	饮	飲
S	饯	餞
S	饰	飾
S	饱	飽
S	饲	飼
S	饳	飿
S	饴	飴
S	饵	餌
S	饶	饒
S	饷	餉
S	饸	餄
S	饹	餎
S	饺	餃
S	饻	餏
S	饼	餅
S	饽	餑
S	饾	餖
S	饿	餓
S	馀	餘
S	馁	餒
S	馂	餕
S	馃	餜
S	馄	餛
S	馅	餡
S	馆	館
S	馇	餷
S	馈	饋
S	馉	餶
S	馊	餿
S	馋	饞
S	馌	饁
S	馍	饃
S	馎	餺
S	馏	餾
S	馐	饈
S	馑	饉
S	馒	饅
S	馓	饊
S	馔	饌
S	馕	饢
S	马	馬
S	驭	馭
S	驮	馱
S	驯	馴
S	驰	馳
S	驱	驅
S	驲	馹
S	驳	駁
S	驴	驢
S	驵	駔
S	驶	駛
S	驷	駟
S	驸	駙
S	驹	駒
S	驺	騶
S	驻	駐
S	驼	駝
S	驽	駑
S	驾	駕
S	驿	驛
S	骀	駘
S	骁	驍
S	骂	罵
S	骃	駰
S	骄	驕
S	骅	驊
S	骆	駱
S	骇	駭
S	骈	駢
S	骉	驫
S	骊	驪
S	骋	騁
S	验	驗
S	骍	騂
S	骎	駸
S	骏	駿
S	骐	騏
S	骑	騎
S	骒	騍
S	骓	騅
S	骔	騌
S	骕	驌
S	骖	驂
S	骗	騙
S	骘	騭
S	骙	騤
S	骚	騷
S	骛	騖
S	骜	驁
S	骝	騮
S	骞	騫
S	骟	騸
S	骠	驃
S	骡	騾
S	骢	驄
S	骣	驏
S	骤	驟
S	骥	驥
S	骦	驦
S	骧	驤
S	髅	髏
S	髋	髖
S	髌	髕
S	鬓	鬢
S	魇	魘
S	魉	魎
S	鱼	魚
S	鱽	魛
S	鱾	魢
S	鱿	魷
S	鲀	魨
S	鲁	魯
S	鲂	魴
S	鲃	䰾
S	鲄	魺
S	鲅	鮁
S	鲆	鮃
S	鲇	鮎
S	鲈	鱸
S	鲉	鮋
S	鲊	鮓
S	鲋	鮒
S	鲌	鮊
S	鲍	鮑
S	鲎	鱟
S	鲏	鮍
S	鲐	鮐
S	鲑	鮭
S	鲒	鮚
S	鲓	鮳
S	鲔	鮪
S	鲕	鮞
S	鲖	鮦
S	鲗	鰂
S	鲘	鮜
S	鲙	鱠
S	鲚	鱭
S	鲛	鮫
S	鲜	鮮
S	鲝	鮺
S	鲞	鮝
S	鲟	鱘
S	鲠	鯁
S	鲡	鱺
S	鲢	鰱
S	鲣	鰹
S	鲤	鯉
S	鲥	鰣
S	鲦	鰷
S	鲧	鯀
S	鲨	鯊
S	鲩	鯇
S	鲪	鮶
S	鲫	鯽
S	鲬	鯒
S	鲭	鯖
S	鲮	鯪
S	鲯	鯕
S	鲰	鯫
S	鲱	鯡
S	鲲	鯤
S	鲳	鯧
S	鲴	鯝
S	鲵	鯢
S	鲶	鯰
S	鲷	鯛
S	鲸	鯨
S	鲹	鰺
S	鲺	鯴
S	鲻	鯔
S	鲼	鱝
S	鲽	鰈
S	鲾	鰏
S	鲿	鱨
S	鳀	鯷
S	鳁	鰮
S	鳂	鰃
S	鳃	鰓
S	鳄	鰐
S	鳅	鰍
S	鳆	鰒
S	鳇	鰉
S	鳈	鰁
S	鳉	鱂
S	鳊	鯿
S	鳋	鰠
S	鳌	鰲
S	鳍	鰭
S	鳎	鰨
S	鳏	鰥
S	鳐	鰩
S	鳑	鰟
S	鳒	鰜
S	鳓	鰳
S	鳔	鰾
S	鳕	鱈
S	鳖	鱉
S	鳗	鰻
S	鳘	鰵
S	鳙	鱅
S	鳚	䲁
S	鳛	鰼
S	鳜	鱖
S	鳝	鱔
S	鳞	鱗
S	鳟	鱒
S	鳠	鱯
S	鳡	鱤
S	鳢	鱧
S	鳣	鱣
S	鸟	鳥
S	鸠	鳩
S	鸡	雞
S	鸢	鳶
S	鸣	鳴
S	鸤	鳲
S	鸥	鷗
S	鸦	鴉
S	鸧	鶬
S	鸨	鴇
S	鸩	鴆
S	鸪	鴣
S	鸫	鶇
S	鸬	鸕
S	鸭	鴨
S	鸮	鴞
S	鸯	鴦
S	鸰	鴒
S	鸱	鴟
S	鸲	鴝
S	鸳	鴛
S	鸴	鷽
S	鸵	鴕
S	鸶	鷥
S	鸷	鷙
S	鸸	鴯
S	鸹	鴰
S	鸺	鵂
S	鸻	鴴
S	鸼	鵃
S	鸽	鴿
S	鸾	鸞
S	鸿	鴻
S	鹀	鵐
S	鹁	鵓
S	鹂	鸝
S	鹃	鵑
S	鹄	鵠
S	鹅	鵝
S	鹆	鵒
S	鹇	鷳
S	鹈	鵜
S	鹉	鵡
S	鹊	鵲
S	鹋	鶓
S	鹌	鵪
S	鹍	鵾
S	鹎	鵯
S	鹏	鵬
S	鹐	鵮
S	鹑	鶉
S	鹒	鶊
S	鹓	鵷
S	鹔	鷫
S	鹕	鶘
S	鹖	鶡
S	鹗	鶚
S	鹘	鶻
S	鹙	鶖
S	鹚	鷀
S	鹛	鶥
S	鹜	鶩
S	鹝	鷊
S	鹞	鷂
S	鹟	鶲
S	鹠	鶹
S	鹡	鶺
S	鹢	鷁
S	鹣	鶼
S	鹤	鶴
S	鹥	鷖
S	鹦	鸚
S	鹧	鷓
S	鹨	鷚
S	鹩	鷯
S	鹪	鷦
S	鹫	鷲
S	鹬	鷸
S	鹭	鷺
S	鹯	鸇
S	鹰	鷹
S	鹱	鸌
S	鹲	鸏
S	鹳	鸛
S	鹴	鸘
S	鹾	鹺
S	麦	麥
S	麸	麩
S	黄	黃
S	黉	黌
S	黡	黶
S	黩	黷
S	黪	黲
S	黾	黽
S	鼋	黿
S	鼍	鼉
S	鼗	鞀
S	鼹	鼴
S	齐	齊
S	齑	齏
S	齿	齒
S	龀	齔
S	龁	齕
S	龂	齗
S	龃	齟
S	龄	齡
S	龅	齙
S	龆	齠
S	龇	齜
S	龈	齦
S	龉	齬
S	龊	齪
S	龋	齲
S	龌	齷
S	龙	龍
S	龚	龔
S	龛	龕
S	龟	龜
T	㠏	㟆
T	㩜	㨫
T	䊷	䌶
T	䋙	䌺
T	䋻	䌾
T	䝼	䞍
T	䬗	扬
T	䯀	䯅
T	䰾	鲃
T	䱽	䲝
T	䲁	鳚
T	䶧	咬
T	丟	丢
T	並	并
T	乾	干
T	亂	乱
T	亙	亘
T	亞	亚
T	佇	伫
T	佈	布
T	佔	占
T	併	并
T	來	来
T	侖	仑
T	侶	侣
T	侷	局
T	俁	俣
T	係	系
T	俔	伣
T	俠	侠
T	俬	私
T	俱	具
T	倀	伥
T	倆	俩
T	倈	俫
T	倉	仓
T	個	个
T	們	们
T	倖	幸
T	倣	仿
T	倫	伦
T	偉	伟
T	側	侧
T	偵	侦
T	偽	伪
T	傑	杰
T	傖	伧
T	傘	伞
T	備	备
T	傢	家
T	傭	佣
T	傯	偬
T	傳	传
T	傴	伛
T	債	债
T	傷	伤
T	傾	倾
T	僂	偻
T	僅	仅
T	僇	戮
T	僉	佥
T	僑	侨
T	僕	仆
T	僞	伪
T	僥	侥
T	僨	偾
T	僱	雇
T	價	价
T	儀	仪
T	儂	侬
T	億	亿
T	儈	侩
T	儉	俭
T	儐	傧
T	儔	俦
T	儕	侪
T	儘	尽
T	償	偿
T	優	优
T	儲	储
T	儷	俪
T	儸	㑩
T	儺	傩
T	儻	傥
T	儼	俨
T	兇	凶
T	兌	兑
T	兒	儿
T	兗	兖
T	內	内
T	兩	两
T	冊	册
T	冪	幂
T	凈	净
T	凍	冻
T	凜	凛
T	凱	凯
T	別	别
T	刪	删
T	剄	刭
T	則	则
T	剋	克
T	剎	刹
T	剗	刬
T	剛	刚
T	剝	剥
T	剮	剐
T	剴	剀
T	創	创
T	剷	铲
T	劃	划
T	劇	剧
T	劉	刘
T	劊	刽
T	劌	刿
T	劍	剑
T	劏	㓥
T	劑	剂
T	劚	㔉
T	勁	劲
T	動	动
T	勗	勖
T	務	务
T	勛	勋
T	勝	胜
T	勞	劳
T	勢	势
T	勩	勚
T	勱	劢
T	勳	勋
T	勵	励
T	勸	劝
T	勻	匀
T	匭	匦
T	匯	汇
T	匱	匮
T	區	区
T	協	协
T	卹	恤
T	卻	却
T	厙	厍
T	厠	厕
T	厭	厌
T	厲	厉
T	厴	厣
T	參	参
T	叄	叁
T	叢	丛
T	吒	咤
T	吢	吣
T	吳	吴
T	吶	呐
T	呂	吕
T	咷	啕
T	咼	呙
T	員	员
T	唄	呗
T	唚	吣
T	唸	念
T	問	问
T	啓	启
T	啞	哑
T	啟	启
T	啢	唡
T	喎	㖞
T	喚	唤
T	喨	亮
T	喪	丧
T	喫	吃
T	喬	乔
T	單	单
T	喲	哟
T	嗆	呛
T	嗇	啬
T	嗊	唝
T	嗎	吗
T	嗚	呜
T	嗩	唢
T	嗶	哔
T	嘆	叹
T	嘍	喽
T	嘔	呕
T	嘖	啧
T	嘗	尝
T	嘜	唛
T	嘩	哗
T	嘮	唠
T	嘯	啸
T	嘰	叽
T	嘵	哓
T	嘸	呒
T	嘽	啴
T	噓	嘘
T	噚	㖊
T	噝	咝
T	噠	哒
T	噥	哝
T	噦	哕
T	噯	嗳
T	噲	哙
T	噴	喷
T	噸	吨
T	噹	当
T	嚀	咛
T	嚇	吓
T	嚌	哜
T	嚐	尝
T	嚕	噜
T	嚙	啮
T	嚥	咽
T	嚦	呖
T	嚨	咙
T	嚮	向
T	嚲	亸
T	嚳	喾
T	嚴	严
T	嚶	嘤
T	囀	啭
T	囁	嗫
T	囂	嚣
T	囅	冁
T	囈	呓
T	囉	啰
T	囍	禧
T	囑	嘱
T	囓	啮
T	囪	囱
T	圇	囵
T	國	国
T	圍	围
T	園	园
T	圓	圆
T	圖	图
T	團	团
T	垵	埯
T	埡	垭
T	埰	采
T	執	执
T	堅	坚
T	堊	垩
T	堖	垴
T	堝	埚
T	堯	尧
T	報	报
T	場	场
T	塊	块
T	塋	茔
T	塏	垲
T	塒	埘
T	塗	涂
T	塚	冢
T	塢	坞
T	塤	埙
T	塵	尘
T	塹	堑
T	墊	垫
T	墜	坠
T	墮	堕
T	墳	坟
T	墻	墙
T	墾	垦
T	壇	坛
T	壋	垱
T	壎	埙
T	壓	压
T	壘	垒
T	壙	圹
T	壚	垆
T	壜	坛
T	壞	坏
T	壟	垄
T	壠	垅
T	壢	坜
T	壩	坝
T	壯	壮
T	壺	壶
T	壼	壸
T	壽	寿
T	夠	够
T	夢	梦
T	夥	伙
T	夾	夹
T	奐	奂
T	奧	奥
T	奩	奁
T	奪	夺
T	奬	奖
T	奮	奋
T	奼	姹
T	妝	妆
T	姊	姐
T	姍	姗
T	姦	奸
T	姪	侄
T	娛	娱
T	婁	娄
T	婦	妇
T	婭	娅
T	媧	娲
T	媯	妫
T	媼	媪
T	媽	妈
T	嫋	袅
T	嫗	妪
T	嫵	妩
T	嫻	娴
T	嫿	婳
T	嬀	妫
T	嬈	娆
T	嬋	婵
T	嬌	娇
T	嬙	嫱
T	嬝	袅
T	嬡	嫒
T	嬤	嬷
T	嬪	嫔
T	嬰	婴
T	嬸	婶
T	孃	娘
T	孌	娈
T	孫	孙
T	學	学
T	孿	孪
T	宮	宫
T	寢	寝
T	實	实
T	寧	宁
T	審	审
T	寫	写
T	寬	宽
T	寵	宠
T	寶	宝
T	尅	克
T	將	将
T	專	专
T	尋	寻
T	對	对
T	導	导
T	尷	尴
T	屆	届
T	屍	尸
T	屓	屃
T	屜	屉
T	屢	屡
T	層	层
T	屨	屦
T	屬	属
T	岡	冈
T	峴	岘
T	島	岛
T	峽	峡
T	崍	崃
T	崑	昆
T	崗	岗
T	崙	仑
T	崢	峥
T	崬	岽
T	嵐	岚
T	嶁	嵝
T	嶄	崭
T	嶇	岖
T	嶔	嵚
T	嶗	崂
T	嶠	峤
T	嶢	峣
T	嶧	峄
T	嶮	崄
T	嶴	岙
T	嶸	嵘
T	嶺	岭
T	嶼	屿
T	巋	岿
T	巒	峦
T	巔	巅
T	巖	岩
T	巰	巯
T	帥	帅
T	師	师
T	帳	帐
T	帶	带
T	幀	帧
T	幃	帏
T	幗	帼
T	幘	帻
T	幟	帜
T	幣	币
T	幫	帮
T	幬	帱
T	幹	干
T	幾	几
T	庫	库
T	廁	厕
T	廂	厢
T	廄	厩
T	廈	厦
T	廚	厨
T	廝	厮
T	廟	庙
T	廠	厂
T	廡	庑
T	廢	废
T	廣	广
T	廩	廪
T	廬	庐
T	廳	厅
T	廻	回
T	弒	弑
T	弔	吊
T	弳	弪
T	張	张
T	強	强
T	彆	别
T	彈	弹
T	彌	弥
T	彎	弯
T	彙	汇
T	彞	彝
T	彥	彦
T	彿	佛
T	後	后
T	徑	径
T	從	从
T	徠	徕
T	復	复
T	徬	彷
T	徵	征
T	徹	彻
T	恆	恒
T	恥	耻
T	悅	悦
T	悞	悮
T	悳	德
T	悵	怅
T	悶	闷
T	悽	凄
T	惡	恶
T	惱	恼
T	惲	恽
T	惻	恻
T	愛	爱
T	愜	惬
T	愨	悫
T	愴	怆
T	愷	恺
T	愾	忾
T	慄	栗
T	慇	殷
T	態	态
T	慍	愠
T	慘	惨
T	慚	惭
T	慟	恸
T	慣	惯
T	慤	悫
T	慪	怄
T	慫	怂
T	慮	虑
T	慳	悭
T	慶	庆
T	慼	戚
T	慾	欲
T	憂	忧
T	憊	惫
T	憐	怜
T	憑	凭
T	憒	愦
T	憚	惮
T	憤	愤
T	憫	悯
T	憮	怃
T	憲	宪
T	憶	忆
T	懃	勤
T	懇	恳
T	應	应
T	懌	怿
T	懍	懔
T	懞	蒙
T	懟	怼
T	懣	懑
T	懨	恹
T	懮	忧
T	懲	惩
T	懶	懒
T	懷	怀
T	懸	悬
T	懺	忏
T	懼	惧
T	懾	慑
T	戀	恋
T	戇	戆
T	戔	戋
T	戧	戗
T	戩	戬
T	戰	战
T	戱	戯
T	戲	戏
T	戶	户
T	拋	抛
T	挩	捝
T	挾	挟
T	捨	舍
T	捫	扪
T	捲	卷
T	掃	扫
T	掄	抡
T	掗	挜
T	掙	挣
T	掛	挂
T	採	采
T	揀	拣
T	揚	扬
T	換	换
T	揮	挥
T	搆	构
T	損	损
T	搖	摇
T	搗	捣
T	搥	捶
T	搧	扇
T	搨	拓
T	搵	揾
T	搶	抢
T	搾	榨
T	摀	捂
T	摑	掴
T	摜	掼
T	摟	搂
T	摯	挚
T	摳	抠
T	摶	抟
T	摺	折
T	摻	掺
T	撈	捞
T	撏	挦
T	撐	撑
T	撓	挠
T	撚	捻
T	撝	㧑
T	撟	挢
T	撢	掸
T	撣	掸
T	撥	拨
T	撫	抚
T	撲	扑
T	撳	揿
T	撻	挞
T	撾	挝
T	撿	捡
T	擁	拥
T	擄	掳
T	擇	择
T	擊	击
T	擋	挡
T	擓	㧟
T	擔	担
T	據	据
T	擠	挤
T	擣	捣
T	擬	拟
T	擯	摈
T	擰	拧
T	擱	搁
T	擲	掷
T	擴	扩
T	擷	撷
T	擺	摆
T	擻	擞
T	擼	撸
T	擾	扰
T	攄	摅
T	攆	撵
T	攏	拢
T	攔	拦
T	攖	撄
T	攙	搀
T	攛	撺
T	攜	携
T	攝	摄
T	攢	攒
T	攣	挛
T	攤	摊
T	攪	搅
T	攬	揽
T	敗	败
T	敘	叙
T	敵	敌
T	數	数
T	斂	敛
T	斃	毙
T	斕	斓
T	斬	斩
T	斷	断
T	於	于
T	昇	升
T	時	时
T	晉	晋
T	晝	昼
T	暈	晕
T	暉	晖
T	暘	旸
T	暢	畅
T	暫	暂
T	暱	昵
T	曄	晔
T	曆	历
T	曇	昙
T	曉	晓
T	曏	向
T	曖	暧
T	曠	旷
T	曨	昽
T	曬	晒
T	書	书
T	會	会
T	朧	胧
T	東	东
T	枒	丫
T	柵	栅
T	桿	杆
T	梔	栀
T	梘	枧
T	條	条
T	梟	枭
T	梲	棁
T	棄	弃
T	棖	枨
T	棗	枣
T	棟	栋
T	棧	栈
T	棲	栖
T	棶	梾
T	椏	桠
T	楊	杨
T	楓	枫
T	楨	桢
T	業	业
T	極	极
T	榖	谷
T	榪	杩
T	榮	荣
T	榲	榅
T	榿	桤
T	構	构
T	槍	枪
T	槓	杠
T	槖	橐
T	槤	梿
T	槧	椠
T	槨	椁
T	槳	桨
T	樁	桩
T	樂	乐
T	樅	枞
T	樑	梁
T	樓	楼
T	標	标
T	樞	枢
T	樣	样
T	樸	朴
T	樹	树
T	樺	桦
T	橈	桡
T	橋	桥
T	機	机
T	橢	椭
T	橫	横
T	檁	檩
T	檉	柽
T	檔	档
T	檜	桧
T	檝	楫
T	檟	槚
T	檢	检
T	檣	樯
T	檮	梼
T	檯	台
T	檳	槟
T	檸	柠
T	檻	槛
T	櫃	柜
T	櫓	橹
T	櫚	榈
T	櫛	栉
T	櫝	椟
T	櫞	橼
T	櫟	栎
T	櫥	橱
T	櫧	槠
T	櫨	栌
T	櫪	枥
T	櫫	橥
T	櫬	榇
T	櫱	蘖
T	櫳	栊
T	櫸	榉
T	櫺	棂
T	櫻	樱
T	欄	栏
T	權	权
T	欏	椤
T	欒	栾
T	欖	榄
T	欞	棂
T	欵	款
T	欽	钦
T	歎	叹
T	歐	欧
T	歛	敛
T	歟	欤
T	歡	欢
T	歲	岁
T	歷	历
T	歸	归
T	歿	殁
T	殘	残
T	殞	殒
T	殤	殇
T	殨	㱮
T	殫	殚
T	殮	殓
T	殯	殡
T	殰	㱩
T	殲	歼
T	殺	杀
T	殼	壳
T	毀	毁
T	毆	殴
T	毬	球
T	毿	毵
T	氂	牦
T	氈	毡
T	氌	氇
T	氣	气
T	氫	氢
T	氬	氩
T	氳	氲
T	氹	凼
T	氾	泛
T	汎	泛
T	汙	污
T	決	决
T	沍	冱
T	沒	没
T	沖	冲
T	況	况
T	洩	泄
T	洶	汹
T	浹	浃
T	涇	泾
T	涼	凉
T	淒	凄
T	淚	泪
T	淥	渌
T	淨	净
T	淪	沦
T	淵	渊
T	淶	涞
T	淺	浅
T	渙	涣
T	減	减
T	渦	涡
T	測	测
T	渾	浑
T	湊	凑
T	湞	浈
T	湧	涌
T	湯	汤
T	溈	沩
T	準	准
T	溝	沟
T	溫	温
T	溼	湿
T	滄	沧
T	滅	灭
T	滌	涤
T	滎	荥
T	滬	沪
T	滯	滞
T	滲	渗
T	滷	卤
T	滸	浒
T	滻	浐
T	滾	滚
T	滿	满
T	漁	渔
T	漚	沤
T	漢	汉
T	漣	涟
T	漬	渍
T	漲	涨
T	漵	溆
T	漸	渐
T	漿	浆
T	潁	颍
T	潑	泼
T	潔	洁
T	潙	沩
T	潛	潜
T	潤	润
T	潯	浔
T	潰	溃
T	潷	滗
T	潿	涠
T	澀	涩
T	澆	浇
T	澇	涝
T	澗	涧
T	澠	渑
T	澤	泽
T	澦	滪
T	澩	泶
T	澮	浍
T	澱	淀
T	濁	浊
T	濃	浓
T	濕	湿
T	濘	泞
T	濟	济
T	濤	涛
T	濫	滥
T	濬	浚
T	濰	潍
T	濱	滨
T	濺	溅
T	濼	泺
T	濾	滤
T	瀅	滢
T	瀆	渎
T	瀇	㲿
T	瀉	泻
T	瀋	沈
T	瀏	浏
T	瀕	濒
T	瀘	泸
T	瀝	沥
T	瀟	潇
T	瀠	潆
T	瀦	潴
T	瀧	泷
T	瀨	濑
T	瀰	弥
T	瀲	潋
T	瀾	澜
T	灃	沣
T	灄	滠
T	灑	洒
T	灕	漓
T	灘	滩
T	灝	灏
T	灠	漤
T	灣	湾
T	灤	滦
T	灧	滟
T	災	灾
T	為	为
T	烏	乌
T	烴	烃
T	無	无
T	煉	炼
T	煒	炜
T	煙	烟
T	煢	茕
T	煥	焕
T	煩	烦
T	煬	炀
T	煱	㶽
T	熅	煴
T	熒	荧
T	熗	炝
T	熱	热
T	熲	颎
T	熾	炽
T	燁	烨
T	燄	焰
T	燈	灯
T	燉	炖
T	燐	磷
T	燒	烧
T	燙	烫
T	燜	焖
T	營	营
T	燦	灿
T	燬	毁
T	燭	烛
T	燴	烩
T	燶	㶶
T	燻	熏
T	燼	烬
T	燾	焘
T	燿	耀
T	爍	烁
T	爐	炉
T	爛	烂
T	爭	争
T	爲	为
T	爺	爷
T	爾	尔
T	牀	床
T	牆	墙
T	牋	笺
T	牘	牍
T	牽	牵
T	犖	荦
T	犢	犊
T	犧	牺
T	狀	状
T	狹	狭
T	狽	狈
T	猙	狰
T	猶	犹
T	猻	狲
T	獁	犸
T	獃	呆
T	獄	狱
T	獅	狮
T	獎	奖
T	獨	独
T	獪	狯
T	獫	猃
T	獮	狝
T	獰	狞
T	獱	㺍
T	獲	获
T	獵	猎
T	獷	犷
T	獸	兽
T	獺	獭
T	獻	献
T	獼	猕
T	玀	猡
T	現	现
T	琺	珐
T	琿	珲
T	瑋	玮
T	瑒	玚
T	瑣	琐
T	瑤	瑶
T	瑩	莹
T	瑪	玛
T	瑯	琅
T	瑲	玱
T	璉	琏
T	璣	玑
T	璦	瑷
T	璫	珰
T	環	环
T	璽	玺
T	瓊	琼
T	瓏	珑
T	瓔	璎
T	瓚	瓒
T	甌	瓯
T	甕	瓮
T	產	产
T	産	产
T	畝	亩
T	畢	毕
T	畫	画
T	異	异
T	當	当
T	疇	畴
T	疊	叠
T	痀	佝
T	痙	痉
T	痠	酸
T	痾	疴
T	瘂	痖
T	瘋	疯
T	瘍	疡
T	瘓	痪
T	瘞	瘗
T	瘡	疮
T	瘧	疟
T	瘮	瘆
T	瘲	疭
T	瘺	瘘
T	瘻	瘘
T	療	疗
T	癆	痨
T	癇	痫
T	癉	瘅
T	癒	愈
T	癘	疠
T	癟	瘪
T	癡	痴
T	癢	痒
T	癤	疖
T	癥	症
T	癧	疬
T	癩	癞
T	癬	癣
T	癭	瘿
T	癮	瘾
T	癰	痈
T	癱	瘫
T	癲	癫
T	發	发
T	皁	皂
T	皚	皑
T	皰	疱
T	皸	皲
T	皺	皱
T	盃	杯
T	盜	盗
T	盞	盏
T	盡	尽
T	監	监
T	盤	盘
T	盧	卢
T	盪	荡
T	眞	真
T	眥	眦
T	眾	众
T	睏	困
T	睜	睁
T	睞	睐
T	睪	睾
T	瞇	眯
T	瞘	眍
T	瞜	䁖
T	瞞	瞒
T	瞭	了
T	瞶	瞆
T	瞼	睑
T	矓	眬
T	矚	瞩
T	矯	矫
T	砲	炮
T	硏	研
T	硜	硁
T	硤	硖
T	硨	砗
T	硯	砚
T	碩	硕
T	碭	砀
T	碸	砜
T	確	确
T	碼	码
T	磑	硙
T	磚	砖
T	磣	碜
T	磧	碛
T	磯	矶
T	磽	硗
T	礆	硷
T	礎	础
T	礙	碍
T	礡	礴
T	礦	矿
T	礪	砺
T	礫	砾
T	礬	矾
T	礮	炮
T	礱	砻
T	祕	秘
T	祿	禄
T	禍	祸
T	禎	祯
T	禕	祎
T	禡	祃
T	禦	御
T	禪	禅
T	禮	礼
T	禰	祢
T	禱	祷
T	禿	秃
T	秈	籼
T	稅	税
T	稈	秆
T	稏	䅉
T	稜	棱
T	稟	禀
T	種	种
T	稱	称
T	穀	谷
T	穌	稣
T	積	积
T	穎	颖
T	穠	秾
T	穡	穑
T	穢	秽
T	穩	稳
T	穫	获
T	穭	稆
T	窩	窝
T	窪	洼
T	窮	穷
T	窯	窑
T	窵	窎
T	窶	窭
T	窺	窥
T	竄	窜
T	竅	窍
T	竇	窦
T	竈	灶
T	竊	窃
T	竪	竖
T	競	竞
T	筆	笔
T	筍	笋
T	筧	笕
T	筴	䇲
T	箇	个
T	箋	笺
T	箎	篪
T	箏	筝
T	箝	钳
T	節	节
T	範	范
T	築	筑
T	篋	箧
T	篔	筼
T	篤	笃
T	篩	筛
T	篳	筚
T	簀	箦
T	簆	筘
T	簍	篓
T	簞	箪
T	簡	简
T	簣	篑
T	簫	箫
T	簷	檐
T	簹	筜
T	簽	签
T	簾	帘
T	籃	篮
T	籌	筹
T	籐	藤
T	籙	箓
T	籜	箨
T	籟	籁
T	籠	笼
T	籤	签
T	籩	笾
T	籪	簖
T	籬	篱
T	籮	箩
T	籲	吁
T	粧	妆
T	粵	粤
T	糝	糁
T	糞	粪
T	糧	粮
T	糰	团
T	糲	粝
T	糴	籴
T	糶	粜
T	糹	纟
T	糾	纠
T	紀	纪
T	紂	纣
T	約	约
T	紅	红
T	紆	纡
T	紇	纥
T	紈	纨
T	紉	纫
T	紋	纹
T	納	纳
T	紐	纽
T	紓	纾
T	純	纯
T	紕	纰
T	紖	纼
T	紗	纱
T	紘	纮
T	紙	纸
T	級	级
T	紛	纷
T	紜	纭
T	紝	纴
T	紡	纺
T	紬	䌷
T	紮	扎
T	細	细
T	紱	绂
T	紲	绁
T	紳	绅
T	紵	纻
T	紹	绍
T	紺	绀
T	紼	绋
T	紿	绐
T	絀	绌
T	終	终
T	絃	弦
T	組	组
T	絅	䌹
T	絆	绊
T	絎	绗
T	結	结
T	絕	绝
T	絛	绦
T	絝	绔
T	絞	绞
T	絡	络
T	絢	绚
T	給	给
T	絨	绒
T	絰	绖
T	統	统
T	絲	丝
T	絳	绛
T	絶	绝
T	絹	绢
T	綁	绑
T	綃	绡
T	綆	绠
T	綈	绨
T	綉	绣
T	綌	绤
T	綏	绥
T	綐	䌼
T	綑	捆
T	經	经
T	綜	综
T	綞	缍
T	綠	绿
T	綢	绸
T	綣	绻
T	綫	线
T	綬	绶
T	維	维
T	綯	绹
T	綰	绾
T	綱	纲
T	網	网
T	綳	绷
T	綴	缀
T	綵	彩
T	綸	纶
T	綹	绺
T	綺	绮
T	綻	绽
T	綽	绰
T	綾	绫
T	綿	绵
T	緄	绲
T	緇	缁
T	緊	紧
T	緋	绯
T	緑	绿
T	緒	绪
T	緓	绬
T	緔	绱
T	緗	缃
T	緘	缄
T	緙	缂
T	線	线
T	緝	缉
T	緞	缎
T	締	缔
T	緡	缗
T	緣	缘
T	緦	缌
T	編	编
T	緩	缓
T	緬	缅
T	緯	纬
T	緱	缑
T	緲	缈
T	練	练
T	緶	缏
T	緹	缇
T	緻	致
T	縈	萦
T	縉	缙
T	縊	缢
T	縋	缒
T	縐	绉
T	縑	缣
T	縕	缊
T	縗	缞
T	縛	缚
T	縝	缜
T	縞	缟
T	縟	缛
T	縣	县
T	縧	绦
T	縫	缝
T	縭	缡
T	縮	缩
T	縱	纵
T	縲	缧
T	縳	䌸
T	縴	纤
T	縵	缦
T	縶	絷
T	縷	缕
T	縹	缥
T	總	总
T	績	绩
T	繃	绷
T	繅	缫
T	繆	缪
T	繒	缯
T	織	织
T	繕	缮
T	繚	缭
T	繞	绕
T	繡	绣
T	繢	缋
T	繩	绳
T	繪	绘
T	繫	系
T	繭	茧
T	繮	缰
T	繯	缳
T	繰	缲
T	繳	缴
T	繸	䍁
T	繹	绎
T	繼	继
T	繽	缤
T	繾	缱
T	繿	䍀
T	纈	缬
T	纊	纩
T	續	续
T	纍	累
T	纏	缠
T	纓	缨
T	纔	才
T	纖	纤
T	纘	缵
T	纜	缆
T	缽	钵
T	罈	坛
T	罌	罂
T	罎	坛
T	罣	挂
T	罰	罚
T	罵	骂
T	罷	罢
T	羅	罗
T	羆	罴
T	羈	羁
T	羋	芈
T	羣	群
T	羥	羟
T	羨	羡
T	義	义
T	羶	膻
T	習	习
T	翫	玩
T	翹	翘
T	翺	翱
T	耬	耧
T	耮	耢
T	聖	圣
T	聞	闻
T	聯	联
T	聰	聪
T	聲	声
T	聳	耸
T	聵	聩
T	聶	聂
T	職	职
T	聹	聍
T	聽	听
T	聾	聋
T	肅	肃
T	脅	胁
T	脈	脉
T	脛	胫
T	脣	唇
T	脫	脱
T	脹	胀
T	腎	肾
T	腖	胨
T	腡	脶
T	腦	脑
T	腫	肿
T	腳	脚
T	腸	肠
T	膃	腽
T	膚	肤
T	膠	胶
T	膩	腻
T	膽	胆
T	膾	脍
T	膿	脓
T	臉	脸
T	臍	脐
T	臏	膑
T	臘	腊
T	臚	胪
T	臟	脏
T	臠	脔
T	臢	臜
T	臥	卧
T	臨	临
T	臺	台
T	與	与
T	興	兴
T	舉	举
T	舊	旧
T	舖	铺
T	艙	舱
T	艤	舣
T	艦	舰
T	艫	舻
T	艱	艰
T	艷	艳
T	芻	刍
T	苎	苧
T	苧	苎
T	茲	兹
T	荊	荆
T	荳	豆
T	莊	庄
T	莖	茎
T	莢	荚
T	莧	苋
T	菓	果
T	華	华
T	菸	烟
T	萇	苌
T	萊	莱
T	萬	万
T	萵	莴
T	葉	叶
T	葒	荭
T	著	着
T	葤	荮
T	葦	苇
T	葯	药
T	葷	荤
T	蒐	搜
T	蒓	莼
T	蒔	莳
T	蒞	莅
T	蒼	苍
T	蓀	荪
T	蓆	席
T	蓋	盖
T	蓮	莲
T	蓯	苁
T	蓽	荜
T	蔔	卜
T	蔞	蒌
T	蔣	蒋
T	蔥	葱
T	蔦	茑
T	蔭	荫
T	蔴	麻
T	蕁	荨
T	蕆	蒇
T	蕎	荞
T	蕒	荬
T	蕓	芸
T	蕕	莸
T	蕘	荛
T	蕢	蒉
T	蕩	荡
T	蕪	芜
T	蕭	萧
T	蕷	蓣
T	薀	蕰
T	薈	荟
T	薊	蓟
T	薌	芗
T	薑	姜
T	薔	蔷
T	薘	荙
T	薟	莶
T	薦	荐
T	薩	萨
T	薳	䓕
T	薴	苧
T	薺	荠
T	藉	借
T	藍	蓝
T	藎	荩
T	藝	艺
T	藥	药
T	藪	薮
T	藴	蕴
T	藶	苈
T	藷	薯
T	藹	蔼
T	藺	蔺
T	蘄	蕲
T	蘆	芦
T	蘇	苏
T	蘊	蕴
T	蘋	苹
T	蘚	藓
T	蘞	蔹
T	蘢	茏
T	蘭	兰
T	蘺	蓠
T	蘿	萝
T	虆	蔂
T	處	处
T	虛	虚
T	虜	虏
T	號	号
T	虧	亏
T	虯	虬
T	蛺	蛱
T	蛻	蜕
T	蜆	蚬
T	蝕	蚀
T	蝟	猬
T	蝦	虾
T	蝨	虱
T	蝸	蜗
T	螄	蛳
T	螞	蚂
T	螢	萤
T	螮	䗖
T	螻	蝼
T	螿	螀
T	蟄	蛰
T	蟈	蝈
T	蟎	螨
T	蟣	虮
T	蟬	蝉
T	蟯	蛲
T	蟲	虫
T	蟶	蛏
T	蟻	蚁
T	蠅	蝇
T	蠆	虿
T	蠍	蝎
T	蠐	蛴
T	蠑	蝾
T	蠔	蚝
T	蠟	蜡
T	蠣	蛎
T	蠧	蠹
T	蠨	蟏
T	蠱	蛊
T	蠶	蚕
T	蠻	蛮
T	衆	众
T	衊	蔑
T	術	术
T	衚	胡
T	衛	卫
T	衝	冲
T	袞	衮
T	袴	绔
T	裊	袅
T	裏	里
T	補	补
T	裝	装
T	裡	里
T	製	制
T	複	复
T	褌	裈
T	褘	袆
T	褲	裤
T	褳	裢
T	褸	褛
T	褻	亵
T	襇	裥
T	襏	袯
T	襖	袄
T	襝	裣
T	襠	裆
T	襤	褴
T	襪	袜
T	襬	䙓
T	襯	衬
T	襲	袭
T	覈	核
T	見	见
T	覎	觃
T	規	规
T	覓	觅
T	視	视
T	覘	觇
T	覡	觋
T	覥	觍
T	覦	觎
T	親	亲
T	覬	觊
T	覯	觏
T	覲	觐
T	覷	觑
T	覺	觉
T	覽	览
T	覿	觌
T	觀	观
T	觴	觞
T	觶	觯
T	觸	触
T	訁	讠
T	訂	订
T	訃	讣
T	計	计
T	訊	讯
T	訌	讧
T	討	讨
T	訐	讦
T	訒	讱
T	訓	训
T	訕	讪
T	訖	讫
T	託	托
T	記	记
T	訛	讹
T	訝	讶
T	訟	讼
T	訢	䜣
T	訣	诀
T	訥	讷
T	訩	讻
T	訪	访
T	設	设
T	許	许
T	訴	诉
T	訶	诃
T	診	诊
T	註	注
T	証	证
T	詁	诂
T	詆	诋
T	詎	讵
T	詐	诈
T	詒	诒
T	詔	诏
T	評	评
T	詖	诐
T	詗	诇
T	詘	诎
T	詛	诅
T	詞	词
T	詠	咏
T	詡	诩
T	詢	询
T	詣	诣
T	試	试
T	詩	诗
T	詫	诧
T	詬	诟
T	詭	诡
T	詮	诠
T	詰	诘
T	話	话
T	該	该
T	詳	详
T	詵	诜
T	詼	诙
T	詿	诖
T	誄	诔
T	誅	诛
T	誆	诓
T	誇	夸
T	誌	志
T	認	认
T	誑	诳
T	誒	诶
T	誕	诞
T	誘	诱
T	誚	诮
T	語	语
T	誠	诚
T	誡	诫
T	誣	诬
T	誤	误
T	誥	诰
T	誦	诵
T	誨	诲
T	說	说
T	説	说
T	誰	谁
T	課	课
T	誶	谇
T	誹	诽
T	誼	谊
T	誾	訚
T	調	调
T	諂	谄
T	諄	谆
T	談	谈
T	諉	诿
T	請	请
T	諍	诤
T	諏	诹
T	諑	诼
T	諒	谅
T	論	论
T	諗	谂
T	諛	谀
T	諜	谍
T	諝	谞
T	諞	谝
T	諡	谥
T	諢	诨
T	諤	谔
T	諦	谛
T	諧	谐
T	諫	谏
T	諭	谕
T	諮	谘
T	諱	讳
T	諳	谙
T	諶	谌
T	諷	讽
T	諸	诸
T	諺	谚
T	諼	谖
T	諾	诺
T	謀	谋
T	謁	谒
T	謂	谓
T	謄	誊
T	謅	诌
T	謊	谎
T	謎	谜
T	謐	谧
T	謔	谑
T	謖	谡
T	謗	谤
T	謙	谦
T	謚	谥
T	講	讲
T	謝	谢
T	謠	谣
T	謡	谣
T	謨	谟
T	謫	谪
T	謬	谬
T	謭	谫
T	謳	讴
T	謹	谨
T	謾	谩
T	譁	哗
T	譅	䜧
T	證	证
T	譎	谲
T	譏	讥
T	譖	谮
T	識	识
T	譙	谯
T	譚	谭
T	譜	谱
T	譟	噪
T	譫	谵
T	譯	译
T	議	议
T	譴	谴
T	護	护
T	譸	诪
T	譽	誉
T	譾	谫
T	讀	读
T	變	变
T	讌	䜩
T	讎	雠
T	讒	谗
T	讓	让
T	讕	谰
T	讖	谶
T	讚	赞
T	讜	谠
T	讞	谳
T	豈	岂
T	豎	竖
T	豐	丰
T	豔	艳
T	豬	猪
T	豶	豮
T	貍	狸
T	貓	猫
T	貙	䝙
T	貝	贝
T	貞	贞
T	貟	贠
T	負	负
T	財	财
T	貢	贡
T	貧	贫
T	貨	货
T	販	贩
T	貪	贪
T	貫	贯
T	責	责
T	貯	贮
T	貰	贳
T	貲	赀
T	貳	贰
T	貴	贵
T	貶	贬
T	買	买
T	貸	贷
T	貺	贶
T	費	费
T	貼	贴
T	貽	贻
T	貿	贸
T	賀	贺
T	賁	贲
T	賂	赂
T	賃	赁
T	賄	贿
T	賅	赅
T	資	资
T	賈	贾
T	賊	贼
T	賑	赈
T	賒	赊
T	賓	宾
T	賕	赇
T	賙	赒
T	賚	赉
T	賜	赐
T	賞	赏
T	賠	赔
T	賡	赓
T	賢	贤
T	賣	卖
T	賤	贱
T	賦	赋
T	賧	赕
T	質	质
T	賫	赍
T	賬	账
T	賭	赌
T	賰	䞐
T	賴	赖
T	賵	赗
T	賸	剩
T	賺	赚
T	賻	赙
T	購	购
T	賽	赛
T	賾	赜
T	贄	贽
T	贅	赘
T	贇	赟
T	贈	赠
T	贊	赞
T	贋	赝
T	贍	赡
T	贏	赢
T	贐	赆
T	贓	赃
T	贔	赑
T	贖	赎
T	贗	赝
T	贛	赣
T	贜	赃
T	赬	赪
T	趕	赶
T	趙	赵
T	趨	趋
T	趲	趱
T	跡	迹
T	跤	交
T	跼	局
T	踐	践
T	踡	蜷
T	踰	逾
T	踴	踊
T	蹌	跄
T	蹕	跸
T	蹟	迹
T	蹣	蹒
T	蹤	踪
T	蹧	糟
T	蹺	跷
T	躂	跶
T	躉	趸
T	躊	踌
T	躋	跻
T	躍	跃
T	躑	踯
T	躒	跞
T	躓	踬
T	躕	蹰
T	躚	跹
T	躡	蹑
T	躥	蹿
T	躦	躜
T	躪	躏
T	軀	躯
T	車	车
T	軋	轧
T	軌	轨
T	軍	军
T	軑	轪
T	軒	轩
T	軔	轫
T	軛	轭
T	軟	软
T	軤	轷
T	軫	轸
T	軲	轱
T	軸	轴
T	軹	轵
T	軺	轺
T	軻	轲
T	軼	轶
T	軾	轼
T	較	较
T	輅	辂
T	輇	辁
T	輈	辀
T	載	载
T	輊	轾
T	輒	辄
T	輓	挽
T	輔	辅
T	輕	轻
T	輛	辆
T	輜	辎
T	輝	辉
T	輞	辋
T	輟	辍
T	輥	辊
T	輦	辇
T	輩	辈
T	輪	轮
T	輬	辌
T	輯	辑
T	輳	辏
T	輸	输
T	輻	辐
T	輾	辗
T	輿	舆
T	轀	辒
T	轂	毂
T	轄	辖
T	轅	辕
T	轆	辘
T	轉	转
T	轍	辙
T	轎	轿
T	轔	辚
T	轝	舆
T	轟	轰
T	轡	辔
T	轢	轹
T	轤	轳
T	辦	办
T	辭	辞
T	辮	辫
T	辯	辩
T	農	农
T	迴	回
T	逕	迳
T	這	这
T	連	连
T	週	周
T	進	进
T	遊	游
T	運	运
T	過	过
T	達	达
T	違	违
T	遙	遥
T	遜	逊
T	遞	递
T	遠	远
T	適	适
T	遯	遁
T	遲	迟
T	遷	迁
T	選	选
T	遺	遗
T	遼	辽
T	邁	迈
T	還	还
T	邇	迩
T	邊	边
T	邏	逻
T	邐	逦
T	郟	郏
T	郵	邮
T	鄆	郓
T	鄉	乡
T	鄒	邹
T	鄔	邬
T	鄖	郧
T	鄧	邓
T	鄭	郑
T	鄰	邻
T	鄲	郸
T	鄴	邺
T	鄶	郐
T	鄺	邝
T	酇	酂
T	酈	郦
T	醃	腌
T	醖	酝
T	醜	丑
T	醞	酝
T	醫	医
T	醬	酱
T	醱	酦
T	醼	宴
T	釀	酿
T	釁	衅
T	釃	酾
T	釅	酽
T	釋	释
T	釐	厘
T	釒	钅
T	釓	钆
T	釔	钇
T	釕	钌
T	釗	钊
T	釘	钉
T	釙	钋
T	針	针
T	釣	钓
T	釤	钐
T	釦	扣
T	釧	钏
T	釩	钒
T	釵	钗
T	釷	钍
T	釹	钕
T	釺	钎
T	鈀	钯
T	鈁	钫
T	鈃	钘
T	鈄	钭
T	鈈	钚
T	鈉	钠
T	鈍	钝
T	鈎	钩
T	鈐	钤
T	鈑	钣
T	鈒	钑
T	鈔	钞
T	鈕	钮
T	鈞	钧
T	鈣	钙
T	鈥	钬
T	鈦	钛
T	鈧	钪
T	鈮	铌
T	鈰	铈
T	鈳	钶
T	鈴	铃
T	鈷	钴
T	鈸	钹
T	鈹	铍
T	鈺	钰
T	鈽	钸
T	鈾	铀
T	鈿	钿
T	鉀	钾
T	鉅	钜
T	鉈	铊
T	鉉	铉
T	鉋	铇
T	鉍	铋
T	鉑	铂
T	鉕	钷
T	鉗	钳
T	鉚	铆
T	鉛	铅
T	鉞	钺
T	鉢	钵
T	鉤	钩
T	鉦	钲
T	鉬	钼
T	鉭	钽
T	鉶	铏
T	鉸	铰
T	鉺	铒
T	鉻	铬
T	鉿	铪
T	銀	银
T	銃	铳
T	銅	铜
T	銍	铚
T	銑	铣
T	銓	铨
T	銖	铢
T	銘	铭
T	銚	铫
T	銛	铦
T	銜	衔
T	銠	铑
T	銣	铷
T	銥	铱
T	銦	铟
T	銨	铵
T	銩	铥
T	銪	铕
T	銫	铯
T	銬	铐
T	銱	铞
T	銲	焊
T	銳	锐
T	銷	销
T	銹	锈
T	銻	锑
T	銼	锉
T	鋁	铝
T	鋃	锒
T	鋅	锌
T	鋇	钡
T	鋌	铤
T	鋏	铗
T	鋒	锋
T	鋙	铻
T	鋝	锊
T	鋟	锓
T	鋣	铘
T	鋤	锄
T	鋥	锃
T	鋦	锔
T	鋨	锇
T	鋩	铓
T	鋪	铺
T	鋭	锐
T	鋮	铖
T	鋯	锆
T	鋰	锂
T	鋱	铽
T	鋶	锍
T	鋸	锯
T	鋼	钢
T	錁	锞
T	錄	录
T	錆	锖
T	錇	锫
T	錈	锩
T	錏	铔
T	錐	锥
T	錒	锕
T	錕	锟
T	錘	锤
T	錙	锱
T	錚	铮
T	錛	锛
T	錟	锬
T	錠	锭
T	錡	锜
T	錢	钱
T	錦	锦
T	錨	锚
T	錩	锠
T	錫	锡
T	錮	锢
T	錯	错
T	録	录
T	錳	锰
T	錶	表
T	錸	铼
T	鍀	锝
T	鍁	锨
T	鍃	锪
T	鍆	钔
T	鍇	锴
T	鍈	锳
T	鍊	炼
T	鍋	锅
T	鍍	镀
T	鍔	锷
T	鍘	铡
T	鍚	钖
T	鍛	锻
T	鍠	锽
T	鍤	锸
T	鍥	锲
T	鍩	锘
T	鍬	锹
T	鍰	锾
T	鍵	键
T	鍶	锶
T	鍺	锗
T	鍾	钟
T	鎂	镁
T	鎄	锿
T	鎇	镅
T	鎊	镑
T	鎔	镕
T	鎖	锁
T	鎗	枪
T	鎘	镉
T	鎚	锤
T	鎛	镈
T	鎡	镃
T	鎢	钨
T	鎣	蓥
T	鎦	镏
T	鎧	铠
T	鎩	铩
T	鎪	锼
T	鎬	镐
T	鎮	镇
T	鎰	镒
T	鎲	镋
T	鎳	镍
T	鎵	镓
T	鎸	镌
T	鎿	镎
T	鏃	镞
T	鏇	镟
T	鏈	链
T	鏌	镆
T	鏍	镙
T	鏐	镠
T	鏑	镝
T	鏗	铿
T	鏘	锵
T	鏜	镗
T	鏝	镘
T	鏞	镛
T	鏟	铲
T	鏡	镜
T	鏢	镖
T	鏤	镂
T	鏨	錾
T	鏰	镚
T	鏵	铧
T	鏷	镤
T	鏹	镪
T	鏽	锈
T	鐃	铙
T	鐋	铴
T	鐐	镣
T	鐒	铹
T	鐓	镦
T	鐔	镡
T	鐘	钟
T	鐙	镫
T	鐝	镢
T	鐠	镨
T	鐦	锎
T	鐧	锏
T	鐨	镄
T	鐫	镌
T	鐮	镰
T	鐲	镯
T	鐳	镭
T	鐵	铁
T	鐶	镮
T	鐸	铎
T	鐺	铛
T	鐿	镱
T	鑄	铸
T	鑊	镬
T	鑌	镔
T	鑑	鉴
T	鑒	鉴
T	鑔	镲
T	鑕	锧
T	鑞	镴
T	鑠	铄
T	鑣	镳
T	鑥	镥
T	鑭	镧
T	鑰	钥
T	鑱	镵
T	鑲	镶
T	鑷	镊
T	鑹	镩
T	鑼	锣
T	鑽	钻
T	鑾	銮
T	鑿	凿
T	钁	䦆
T	長	长
T	門	门
T	閂	闩
T	閃	闪
T	閆	闫
T	閈	闬
T	閉	闭
T	開	开
T	閌	闶
T	閎	闳
T	閏	闰
T	閑	闲
T	閒	闲
T	間	间
T	閔	闵
T	閘	闸
T	閡	阂
T	関	关
T	閣	阁
T	閥	阀
T	閧	哄
T	閨	闺
T	閩	闽
T	閫	阃
T	閬	阆
T	閭	闾
T	閱	阅
T	閲	阅
T	閶	阊
T	閹	阉
T	閻	阎
T	閼	阏
T	閽	阍
T	閾	阈
T	閿	阌
T	闃	阒
T	闆	板
T	闇	暗
T	闈	闱
T	闊	阔
T	闋	阕
T	闌	阑
T	闍	阇
T	闐	阗
T	闒	阘
T	闓	闿
T	闔	阖
T	闕	阙
T	闖	闯
T	闘	斗
T	關	关
T	闞	阚
T	闠	阓
T	闡	阐
T	闢	辟
T	闤	阛
T	闥	闼
T	阨	厄
T	阪	坂
T	陘	陉
T	陝	陕
T	陞	升
T	陣	阵
T	陰	阴
T	陳	陈
T	陸	陆
T	陽	阳
T	隄	堤
T	隉	陧
T	隊	队
T	階	阶
T	隕	陨
T	際	际
T	隨	随
T	險	险
T	隱	隐
T	隴	陇
T	隸	隶
T	隻	只
T	雋	隽
T	雖	虽
T	雙	双
T	雛	雏
T	雜	杂
T	雞	鸡
T	離	离
T	難	难
T	雲	云
T	電	电
T	霑	沾
T	霢	霡
T	霧	雾
T	霽	霁
T	靂	雳
T	靄	霭
T	靈	灵
T	靚	靓
T	靜	静
T	靦	腼
T	靨	靥
T	靷	纼
T	鞀	鼗
T	鞏	巩
T	鞝	绱
T	鞽	鞒
T	韁	缰
T	韃	鞑
T	韉	鞯
T	韋	韦
T	韌	韧
T	韍	韨
T	韓	韩
T	韙	韪
T	韜	韬
T	韞	韫
T	韮	韭
T	韻	韵
T	響	响
T	頁	页
T	頂	顶
T	頃	顷
T	項	项
T	順	顺
T	頇	顸
T	須	须
T	頊	顼
T	頌	颂
T	頎	颀
T	頏	颃
T	預	预
T	頑	顽
T	頒	颁
T	頓	顿
T	頗	颇
T	領	领
T	頜	颌
T	頡	颉
T	頤	颐
T	頦	颏
T	頭	头
T	頮	颒
T	頰	颊
T	頲	颋
T	頴	颕
T	頷	颔
T	頸	颈
T	頹	颓
T	頻	频
T	頽	颓
T	顆	颗
T	題	题
T	額	额
T	顎	颚
T	顏	颜
T	顒	颙
T	顓	颛
T	顔	颜
T	願	愿
T	顙	颡
T	顛	颠
T	類	类
T	顢	颟
T	顥	颢
T	顧	顾
T	顫	颤
T	顬	颥
T	顯	显
T	顰	颦
T	顱	颅
T	顳	颞
T	顴	颧
T	風	风
T	颭	飐
T	颮	飑
T	颯	飒
T	颱	台
T	颳	刮
T	颶	飓
T	颸	飔
T	颺	飏
T	颻	飖
T	颼	飕
T	飀	飗
T	飄	飘
T	飆	飙
T	飈	飚
T	飛	飞
T	飠	饣
T	飢	饥
T	飣	饤
T	飥	饦
T	飩	饨
T	飪	饪
T	飫	饫
T	飭	饬
T	飯	饭
T	飲	饮
T	飴	饴
T	飼	饲
T	飽	饱
T	飾	饰
T	飿	饳
T	餃	饺
T	餄	饸
T	餅	饼
T	餉	饷
T	養	养
T	餌	饵
T	餎	饹
T	餏	饻
T	餑	饽
T	餒	馁
T	餓	饿
T	餕	馂
T	餖	饾
T	餘	余
T	餚	肴
T	餛	馄
T	餜	馃
T	餞	饯
T	餡	馅
T	館	馆
T	餬	糊
T	餱	糇
T	餳	饧
T	餵	喂
T	餶	馉
T	餷	馇
T	餺	馎
T	餼	饩
T	餽	馈
T	餾	馏
T	餿	馊
T	饁	馌
T	饃	馍
T	饅	馒
T	饈	馐
T	饉	馑
T	饊	馓
T	饋	馈
T	饌	馔
T	饑	饥
T	饒	饶
T	饗	飨
T	饜	餍
T	饞	馋
T	饢	馕
T	馬	马
T	馭	驭
T	馮	冯
T	馱	驮
T	馳	驰
T	馴	驯
T	馹	驲
T	駁	驳
T	駐	驻
T	駑	驽
T	駒	驹
T	駔	驵
T	駕	驾
T	駘	骀
T	駙	驸
T	駛	驶
T	駝	驼
T	駟	驷
T	駡	骂
T	駢	骈
T	駭	骇
T	駰	骃
T	駱	骆
T	駸	骎
T	駿	骏
T	騁	骋
T	騂	骍
T	騅	骓
T	騌	骔
T	騍	骒
T	騎	骑
T	騏	骐
T	騖	骛
T	騙	骗
T	騤	骙
T	騧	䯄
T	騫	骞
T	騭	骘
T	騮	骝
T	騰	腾
T	騶	驺
T	騷	骚
T	騸	骟
T	騾	骡
T	驀	蓦
T	驁	骜
T	驂	骖
T	驃	骠
T	驄	骢
T	驅	驱
T	驊	骅
T	驌	骕
T	驍	骁
T	驏	骣
T	驕	骄
T	驗	验
T	驚	惊
T	驛	驿
T	驟	骤
T	驢	驴
T	驤	骧
T	驥	骥
T	驦	骦
T	驪	骊
T	驫	骉
T	骯	肮
T	髏	髅
T	髒	脏
T	體	体
T	髕	髌
T	髖	髋
T	髮	发
T	鬀	剃
T	鬆	松
T	鬍	胡
T	鬚	须
T	鬢	鬓
T	鬥	斗
T	鬧	闹
T	鬨	哄
T	鬩	阋
T	鬭	斗
T	鬮	阄
T	鬱	郁
T	魎	魉
T	魘	魇
T	魚	鱼
T	魛	鱽
T	魢	鱾
T	魨	鲀
T	魯	鲁
T	魴	鲂
T	魷	鱿
T	魺	鲄
T	鮁	鲅
T	鮃	鲆
T	鮊	鲌
T	鮋	鲉
T	鮍	鲏
T	鮎	鲇
T	鮐	鲐
T	鮑	鲍
T	鮒	鲋
T	鮓	鲊
T	鮚	鲒
T	鮜	鲘
T	鮝	鲞
T	鮞	鲕
T	鮦	鲖
T	鮪	鲔
T	鮫	鲛
T	鮭	鲑
T	鮮	鲜
T	鮳	鲓
T	鮶	鲪
T	鮺	鲝
T	鯀	鲧
T	鯁	鲠
T	鯇	鲩
T	鯉	鲤
T	鯊	鲨
T	鯒	鲬
T	鯔	鲻
T	鯕	鲯
T	鯖	鲭
T	鯛	鲷
T	鯝	鲴
T	鯡	鲱
T	鯢	鲵
T	鯤	鲲
T	鯧	鲳
T	鯨	鲸
T	鯪	鲮
T	鯫	鲰
T	鯰	鲶
T	鯴	鲺
T	鯷	鳀
T	鯽	鲫
T	鯿	鳊
T	鰁	鳈
T	鰂	鲗
T	鰃	鳂
T	鰈	鲽
T	鰉	鳇
T	鰍	鳅
T	鰏	鲾
T	鰐	鳄
T	鰒	鳆
T	鰓	鳃
T	鰜	鳒
T	鰟	鳑
T	鰠	鳋
T	鰣	鲥
T	鰥	鳏
T	鰨	鳎
T	鰩	鳐
T	鰭	鳍
T	鰮	鳁
T	鰱	鲢
T	鰲	鳌
T	鰳	鳓
T	鰵	鳘
T	鰷	鲦
T	鰹	鲣
T	鰺	鲹
T	鰻	鳗
T	鰼	鳛
T	鰾	鳔
T	鱂	鳉
T	鱅	鳙
T	鱈	鳕
T	鱉	鳖
T	鱒	鳟
T	鱔	鳝
T	鱖	鳜
T	鱗	鳞
T	鱘	鲟
T	鱝	鲼
T	鱟	鲎
T	鱠	鲙
T	鱣	鳣
T	鱤	鳡
T	鱧	鳢
T	鱨	鲿
T	鱭	鲚
T	鱯	鳠
T	鱷	鳄
T	鱸	鲈
T	鱺	鲡
T	鳥	鸟
T	鳧	凫
T	鳩	鸠
T	鳬	凫
T	鳲	鸤
T	鳳	凤
T	鳴	鸣
T	鳶	鸢
T	鳾	䴓
T	鴆	鸩
T	鴇	鸨
T	鴉	鸦
T	鴒	鸰
T	鴕	鸵
T	鴛	鸳
T	鴝	鸲
T	鴞	鸮
T	鴟	鸱
T	鴣	鸪
T	鴦	鸯
T	鴨	鸭
T	鴯	鸸
T	鴰	鸹
T	鴴	鸻
T	鴷	䴕
T	鴻	鸿
T	鴿	鸽
T	鵁	䴔
T	鵂	鸺
T	鵃	鸼
T	鵐	鹀
T	鵑	鹃
T	鵒	鹆
T	鵓	鹁
T	鵜	鹈
T	鵝	鹅
T	鵠	鹄
T	鵡	鹉
T	鵪	鹌
T	鵬	鹏
T	鵮	鹐
T	鵯	鹎
T	鵲	鹊
T	鵷	鹓
T	鵾	鹍
T	鶄	䴖
T	鶇	鸫
T	鶉	鹑
T	鶊	鹒
T	鶓	鹋
T	鶖	鹙
T	鶘	鹕
T	鶚	鹗
T	鶡	鹖
T	鶥	鹛
T	鶩	鹜
T	鶪	䴗
T	鶬	鸧
T	鶯	莺
T	鶲	鹟
T	鶴	鹤
T	鶹	鹠
T	鶺	鹡
T	鶻	鹘
T	鶼	鹣
T	鷀	鹚
T	鷁	鹢
T	鷂	鹞
T	鷄	鸡
T	鷈	䴘
T	鷊	鹝
T	鷓	鹧
T	鷖	鹥
T	鷗	鸥
T	鷙	鸷
T	鷚	鹨
T	鷥	鸶
T	鷦	鹪
T	鷫	鹔
T	鷯	鹩
T	鷲	鹫
T	鷳	鹇
T	鷸	鹬
T	鷹	鹰
T	鷺	鹭
T	鷽	鸴
T	鷿	䴙
T	鸂	㶉
T	鸇	鹯
T	鸌	鹱
T	鸏	鹲
T	鸕	鸬
T	鸘	鹴
T	鸚	鹦
T	鸛	鹳
T	鸝	鹂
T	鸞	鸾
T	鹵	卤
T	鹹	咸
T	鹺	鹾
T	鹼	碱
T	鹽	盐
T	麗	丽
T	麤	粗
T	麥	麦
T	麩	麸
T	麯	曲
T	麵	面
T	麼	么
T	麽	么
T	黃	黄
T	黌	黉
T	點	点
T	黨	党
T	黲	黪
T	黴	霉
T	黶	黡
T	黷	黩
T	黽	黾
T	黿	鼋
T	鼇	鳌
T	鼈	鳖
T	鼉	鼍
T	鼕	冬
T	鼴	鼹
T	齊	齐
T	齋	斋
T	齎	赍
T	齏	齑
T	齒	齿
T	齔	龀
T	齕	龁
T	齗	龂
T	齙	龅
T	齜	龇
T	齟	龃
T	齠	龆
T	齡	龄
T	齣	出
T	齦	龈
T	齧	啮
T	齩	咬
T	齪	龊
T	齬	龉
T	齲	龋
T	齶	腭
T	齷	龌
T	龍	龙
T	龎	厐
T	龐	庞
T	龔	龚
T	龕	龛
T	龜	龟
